freq,unit,schedule,tra_cov,tra_meas,rep_airp\TIME_PERIOD	2025-05 	2025-06 	2025-07 	2025-08 	2025-09 	2025-10 	2025-11 	2025-12 	2026-01 	2026-02 	2026-03 	2026-04 	2026-05 	2026-06 	2026-07 	2026-08 
M,PAS,TOTAL,INTL,PAS_CRD,AT_LOWG	68694 	80716 	83376 	85487 	81717 	69465 	53148 	47527 	39069 	44339 	51258 	58083 	68024 	77423 	87068 	: 
M,PAS,TOTAL,INTL,PAS_CRD,AT_LOWI	18567 	27352 	28409 	30382 	25516 	9628 	6399 	98024 	178197 	174389 	169886 	34786 	19259 	27507 	30517 	: 
M,PAS,TOTAL,INTL,PAS_CRD,AT_LOWK	15736 	15635 	15542 	18418 	14606 	12048 	1816 	3118 	2296 	2877 	2503 	9743 	13522 	14739 	16372 	: 
M,PAS,TOTAL,INTL,PAS_CRD,AT_LOWL	30179 	35168 	37864 	42130 	37509 	20602 	7761 	6757 	6011 	8018 	7615 	16033 	27152 	29008 	32207 	: 
M,PAS,TOTAL,INTL,PAS_CRD,AT_LOWS	120936 	138522 	158398 	172119 	144375 	124710 	90961 	160512 	213776 	212107 	179163 	102317 	126497 	141963 	171527 	: 
M,PAS,TOTAL,INTL,PAS_CRD,AT_LOWW	2834855 	2962889 	3246354 	3370748 	3125593 	3040639 	2366088 	2489849 	1860234 	1884763 	2225144 	2552428 	2724503 	2820256 	3120602 	: 
M,PAS,TOTAL,INTL,PAS_CRD,BE_EBAW	15711 	16587 	28164 	29388 	28879 	24503 	11157 	11159 	11327 	10719 	: 	: 	: 	: 	: 	: 
M,PAS,TOTAL,INTL,PAS_CRD,BE_EBBR	1991341 	2129320 	2503922 	2484301 	2269505 	2220912 	1648034 	1777476 	1567207 	1618779 	: 	: 	: 	: 	: 	: 
M,PAS,TOTAL,INTL,PAS_CRD,BE_EBCI	1056388 	976934 	1060198 	1110556 	1005260 	1035044 	838076 	899331 	739181 	809020 	: 	: 	: 	: 	: 	: 
M,PAS,TOTAL,INTL,PAS_CRD,BE_EBLG	6346 	118 	18840 	18348 	15994 	11730 	8299 	7326 	2417 	933 	: 	: 	: 	: 	: 	: 
M,PAS,TOTAL,INTL,PAS_CRD,BE_EBOS	36069 	38365 	44395 	45304 	48771 	41691 	23495 	20443 	20517 	21161 	: 	: 	: 	: 	: 	: 
M,PAS,TOTAL,INTL,PAS_CRD,BG_LBBG	86889 	322001 	521860 	523009 	278330 	38816 	0 	0 	0 	0 	0 	0 	98896 	321595 	: 	: 
M,PAS,TOTAL,INTL,PAS_CRD,BG_LBPD	13095 	13900 	11673 	11605 	14496 	16530 	18745 	25987 	28082 	24994 	25808 	19100 	18181 	20478 	: 	: 
M,PAS,TOTAL,INTL,PAS_CRD,BG_LBSF	717930 	682840 	684353 	734406 	741798 	748638 	625288 	698718 	630278 	628562 	666206 	726963 	769218 	735046 	: 	: 
M,PAS,TOTAL,INTL,PAS_CRD,BG_LBWN	116799 	202616 	271790 	300147 	206577 	123205 	80615 	90262 	73164 	63920 	73464 	97363 	130804 	245599 	: 	: 
M,PAS,TOTAL,INTL,PAS_CRD,CH_LFSB	807627 	821887 	858656 	914453 	847752 	902866 	569475 	710159 	457323 	515768 	626659 	419366 	342548 	820740 	: 	: 
M,PAS,TOTAL,INTL,PAS_CRD,CH_LSGG	1343421 	1421837 	1607313 	1614991 	1393903 	1478171 	1040928 	1493505 	1494319 	1457679 	1579339 	1370705 	1315441 	1309399 	: 	: 
M,PAS,TOTAL,INTL,PAS_CRD,CH_LSGS	1072 	1845 	2219 	1671 	1726 	945 	356 	1787 	1415 	2151 	1714 	926 	1054 	1482 	: 	: 
M,PAS,TOTAL,INTL,PAS_CRD,CH_LSZA	226 	496 	369 	348 	239 	235 	161 	146 	95 	114 	133 	340 	389 	375 	: 	: 
M,PAS,TOTAL,INTL,PAS_CRD,CH_LSZB	2371 	10157 	9614 	10054 	11231 	4495 	539 	675 	854 	1042 	427 	1256 	3392 	8060 	: 	: 
M,PAS,TOTAL,INTL,PAS_CRD,CH_LSZH	2737065 	2888831 	3199968 	3215960 	3007254 	3124213 	2310946 	2498763 	2178993 	2151738 	2425838 	2892405 	2981235 	2873240 	: 	: 
M,PAS,TOTAL,INTL,PAS_CRD,CH_LSZR	6689 	9127 	8428 	2508 	9733 	7326 	4574 	3253 	3422 	3869 	4723 	4696 	7598 	7692 	: 	: 
M,PAS,TOTAL,INTL,PAS_CRD,CY_LCLK	921414 	1053701 	1200097 	1300357 	1097684 	1050616 	615598 	548480 	449805 	433560 	413524 	664759 	828190 	956271 	1147903 	: 
M,PAS,TOTAL,INTL,PAS_CRD,CY_LCPH	359659 	378946 	451235 	500926 	434747 	432435 	243691 	195897 	172868 	180567 	182291 	304358 	399717 	420353 	485546 	: 
M,PAS,TOTAL,INTL,PAS_CRD,CZ_LKCS	1073 	12895 	18582 	17002 	12795 	2299 	188 	8 	10 	9 	2 	17 	1600 	: 	: 	: 
M,PAS,TOTAL,INTL,PAS_CRD,CZ_LKKV	40 	3075 	6185 	5457 	2871 	204 	1 	17 	6 	37 	30 	22 	35 	: 	: 	: 
M,PAS,TOTAL,INTL,PAS_CRD,CZ_LKMT	26656 	75878 	96160 	96119 	66996 	26301 	10650 	10599 	7760 	12699 	14037 	17029 	29946 	: 	: 	: 
M,PAS,TOTAL,INTL,PAS_CRD,CZ_LKPD	0 	35456 	48212 	49140 	37484 	15291 	4262 	0 	5904 	4201 	6128 	7163 	10594 	: 	: 	: 
M,PAS,TOTAL,INTL,PAS_CRD,CZ_LKPR	1498526 	1696439 	1867400 	1885564 	1752750 	1627188 	1334026 	1498274 	1095738 	1136717 	1299062 	1404851 	1575444 	: 	: 	: 
M,PAS,TOTAL,INTL,PAS_CRD,CZ_LKTB	36787 	118599 	152587 	150242 	112989 	41896 	14717 	13730 	9193 	16780 	22664 	26829 	45218 	: 	: 	: 
M,PAS,TOTAL,INTL,PAS_CRD,DE_EDDB	2039835 	2016326 	2101137 	2225422 	2195421 	2355979 	1720514 	1766426 	1348399 	1436531 	1717740 	1910798 	2066469 	: 	: 	: 
M,PAS,TOTAL,INTL,PAS_CRD,DE_EDDC	43960 	46045 	54886 	53975 	52741 	74049 	25717 	13258 	5555 	9528 	14052 	23852 	39155 	: 	: 	: 
M,PAS,TOTAL,INTL,PAS_CRD,DE_EDDE	29382 	35244 	42343 	47989 	44727 	57865 	14824 	2359 	2068 	2756 	6113 	24275 	31570 	: 	: 	: 
M,PAS,TOTAL,INTL,PAS_CRD,DE_EDDF	5083938 	5292706 	5649674 	5866799 	5437954 	5482080 	4306432 	4305299 	3734648 	3469879 	4241168 	4320386 	5181541 	: 	: 	: 
M,PAS,TOTAL,INTL,PAS_CRD,DE_EDDG	121952 	120233 	140221 	140893 	130909 	135635 	33551 	22987 	19914 	17215 	32987 	90628 	122599 	: 	: 	: 
M,PAS,TOTAL,INTL,PAS_CRD,DE_EDDH	1086392 	1080899 	1178277 	1254674 	1176801 	1268290 	815023 	825398 	658266 	695349 	892744 	959354 	1092042 	: 	: 	: 
M,PAS,TOTAL,INTL,PAS_CRD,DE_EDDK	887015 	921289 	1025479 	1100068 	985428 	1064790 	562098 	585514 	456497 	461755 	600679 	773872 	878154 	: 	: 	: 
M,PAS,TOTAL,INTL,PAS_CRD,DE_EDDL	1826429 	1858366 	2052505 	2143540 	1986515 	2079248 	1274216 	1238160 	1073697 	1067742 	1277990 	1628466 	1812694 	: 	: 	: 
M,PAS,TOTAL,INTL,PAS_CRD,DE_EDDM	3378123 	3558317 	3723988 	3921028 	3742190 	3557020 	2731368 	2711381 	2277974 	2196782 	2655063 	2638697 	3118379 	: 	: 	: 
M,PAS,TOTAL,INTL,PAS_CRD,DE_EDDN	361814 	448512 	437257 	503806 	473045 	482091 	282707 	265497 	209211 	209565 	276565 	363799 	416365 	: 	: 	: 
M,PAS,TOTAL,INTL,PAS_CRD,DE_EDDP	169964 	186271 	210439 	220690 	208152 	270986 	89715 	62684 	53835 	66468 	94532 	130312 	155342 	: 	: 	: 
M,PAS,TOTAL,INTL,PAS_CRD,DE_EDDR	24397 	38859 	42686 	45811 	44970 	43368 	7133 	4598 	1950 	2440 	5716 	27560 	30932 	: 	: 	: 
M,PAS,TOTAL,INTL,PAS_CRD,DE_EDDS	782553 	891893 	859894 	1029689 	931491 	893886 	532091 	533744 	429333 	410259 	537285 	681219 	837397 	: 	: 	: 
M,PAS,TOTAL,INTL,PAS_CRD,DE_EDDV	439273 	440383 	503149 	517692 	521180 	607363 	304719 	251844 	213078 	218642 	298780 	396553 	454950 	: 	: 	: 
M,PAS,TOTAL,INTL,PAS_CRD,DE_EDDW	124049 	122769 	138789 	142869 	129045 	138311 	83665 	81384 	62912 	69539 	88538 	99150 	119589 	: 	: 	: 
M,PAS,TOTAL,INTL,PAS_CRD,DE_EDFH	194531 	195483 	202596 	224684 	204992 	217382 	134275 	159828 	126599 	128370 	154267 	176637 	185231 	: 	: 	: 
M,PAS,TOTAL,INTL,PAS_CRD,DE_EDJA	325262 	339403 	338840 	386619 	355695 	358362 	245641 	289696 	240677 	230892 	268111 	347984 	374782 	: 	: 	: 
M,PAS,TOTAL,INTL,PAS_CRD,DE_EDLP	67594 	80243 	97052 	99058 	100418 	105936 	17614 	6609 	5231 	4437 	15755 	51861 	66227 	: 	: 	: 
M,PAS,TOTAL,INTL,PAS_CRD,DE_EDLV	229269 	232795 	231966 	246840 	230870 	237716 	135407 	142342 	118138 	127371 	157976 	238391 	252598 	: 	: 	: 
M,PAS,TOTAL,INTL,PAS_CRD,DE_EDLW	268951 	293407 	307742 	336976 	313355 	327344 	228142 	240477 	217703 	195517 	237357 	309185 	332923 	: 	: 	: 
M,PAS,TOTAL,INTL,PAS_CRD,DE_EDNY	17695 	28097 	23216 	28097 	25603 	25396 	11620 	12324 	15389 	10810 	9391 	17798 	23419 	: 	: 	: 
M,PAS,TOTAL,INTL,PAS_CRD,DE_EDSB	212096 	230491 	237127 	260339 	234566 	233977 	128640 	159321 	123772 	130434 	156194 	215315 	237163 	: 	: 	: 
M,PAS,TOTAL,INTL,PAS_CRD,DK_EKAH	38094 	42575 	44419 	43543 	40320 	36049 	20660 	20754 	17889 	19093 	21457 	35206 	45096 	: 	: 	: 
M,PAS,TOTAL,INTL,PAS_CRD,DK_EKBI	244862 	268245 	329535 	289426 	277022 	257854 	185905 	155317 	168899 	162704 	205704 	235096 	292018 	: 	: 	: 
M,PAS,TOTAL,INTL,PAS_CRD,DK_EKCH	2727368 	2964641 	3203965 	3053580 	2920028 	2892139 	2272906 	2326811 	2107565 	2085206 	2440832 	2690139 	2936161 	: 	: 	: 
M,PAS,TOTAL,INTL,PAS_CRD,DK_EKEB	2131 	2434 	2156 	1949 	2032 	2243 	1342 	1103 	475 	385 	519 	878 	802 	: 	: 	: 
M,PAS,TOTAL,INTL,PAS_CRD,DK_EKKA	237 	191 	0 	0 	284 	115 	455 	346 	119 	146 	310 	111 	95 	: 	: 	: 
M,PAS,TOTAL,INTL,PAS_CRD,DK_EKRK	657 	531 	314 	1179 	551 	400 	285 	202 	290 	312 	201 	249 	277 	: 	: 	: 
M,PAS,TOTAL,INTL,PAS_CRD,DK_EKRN	1212 	0 	0 	0 	427 	1068 	210 	0 	0 	0 	432 	629 	1370 	: 	: 	: 
M,PAS,TOTAL,INTL,PAS_CRD,DK_EKSB	718 	742 	594 	727 	581 	59 	589 	107 	27 	40 	85 	51 	64 	: 	: 	: 
M,PAS,TOTAL,INTL,PAS_CRD,DK_EKYT	57071 	65705 	76227 	68689 	69375 	60393 	34685 	32302 	31976 	35559 	41365 	42219 	58258 	: 	: 	: 
M,PAS,TOTAL,INTL,PAS_CRD,EE_EETN	306616 	321290 	317706 	326998 	307117 	344252 	256213 	282163 	223955 	223623 	265426 	310011 	350247 	: 	: 	: 
M,PAS,TOTAL,INTL,PAS_CRD,EL_LGAL	179 	174 	0 	0 	80 	264 	4 	0 	0 	6 	0 	: 	: 	: 	: 	: 
M,PAS,TOTAL,INTL,PAS_CRD,EL_LGAV	2206766 	2428017 	2636766 	2747289 	2458551 	2257162 	1660724 	1655637 	1409712 	1380249 	1652640 	: 	: 	: 	: 	: 
M,PAS,TOTAL,INTL,PAS_CRD,EL_LGBL	3696 	5931 	6542 	7588 	5771 	3115 	0 	0 	0 	0 	8 	: 	: 	: 	: 	: 
M,PAS,TOTAL,INTL,PAS_CRD,EL_LGHI	0 	0 	11 	13 	3 	2 	0 	0 	2 	0 	0 	: 	: 	: 	: 	: 
M,PAS,TOTAL,INTL,PAS_CRD,EL_LGIK	0 	0 	0 	0 	0 	0 	0 	0 	0 	0 	0 	: 	: 	: 	: 	: 
M,PAS,TOTAL,INTL,PAS_CRD,EL_LGIO	4148 	10279 	8975 	10191 	9521 	2234 	1 	0 	0 	0 	0 	: 	: 	: 	: 	: 
M,PAS,TOTAL,INTL,PAS_CRD,EL_LGIR	891909 	1223536 	1509726 	1602352 	1298056 	1006703 	89660 	23283 	12504 	14707 	44210 	: 	: 	: 	: 	: 
M,PAS,TOTAL,INTL,PAS_CRD,EL_LGKA	0 	0 	0 	0 	0 	0 	0 	0 	0 	0 	0 	: 	: 	: 	: 	: 
M,PAS,TOTAL,INTL,PAS_CRD,EL_LGKC	0 	0 	0 	0 	0 	0 	0 	0 	0 	0 	0 	: 	: 	: 	: 	: 
M,PAS,TOTAL,INTL,PAS_CRD,EL_LGKF	76232 	140998 	183368 	186269 	137379 	31796 	984 	0 	0 	0 	233 	: 	: 	: 	: 	: 
M,PAS,TOTAL,INTL,PAS_CRD,EL_LGKJ	0 	0 	0 	0 	0 	0 	0 	0 	0 	0 	0 	: 	: 	: 	: 	: 
M,PAS,TOTAL,INTL,PAS_CRD,EL_LGKL	34511 	53226 	62775 	65228 	62270 	37699 	6799 	28 	22 	146 	4625 	: 	: 	: 	: 	: 
M,PAS,TOTAL,INTL,PAS_CRD,EL_LGKO	330970 	470397 	556775 	588677 	479501 	336728 	12573 	0 	0 	0 	922 	: 	: 	: 	: 	: 
M,PAS,TOTAL,INTL,PAS_CRD,EL_LGKP	11751 	34624 	45265 	49355 	36090 	7228 	0 	0 	0 	0 	0 	: 	: 	: 	: 	: 
M,PAS,TOTAL,INTL,PAS_CRD,EL_LGKR	409791 	692378 	866429 	911427 	725268 	408451 	10145 	0 	0 	0 	12436 	: 	: 	: 	: 	: 
M,PAS,TOTAL,INTL,PAS_CRD,EL_LGKS	0 	0 	0 	22 	0 	0 	0 	0 	0 	0 	0 	: 	: 	: 	: 	: 
M,PAS,TOTAL,INTL,PAS_CRD,EL_LGKV	17384 	47106 	50557 	55473 	46080 	13372 	456 	0 	0 	0 	219 	: 	: 	: 	: 	: 
M,PAS,TOTAL,INTL,PAS_CRD,EL_LGKY	0 	0 	0 	0 	0 	0 	0 	0 	0 	0 	0 	: 	: 	: 	: 	: 
M,PAS,TOTAL,INTL,PAS_CRD,EL_LGKZ	0 	0 	0 	0 	0 	0 	0 	0 	0 	0 	0 	: 	: 	: 	: 	: 
M,PAS,TOTAL,INTL,PAS_CRD,EL_LGLE	0 	0 	0 	0 	0 	0 	0 	0 	0 	0 	0 	: 	: 	: 	: 	: 
M,PAS,TOTAL,INTL,PAS_CRD,EL_LGLM	3229 	7436 	7732 	7380 	6440 	2754 	0 	0 	0 	0 	0 	: 	: 	: 	: 	: 
M,PAS,TOTAL,INTL,PAS_CRD,EL_LGMG	0 	0 	0 	0 	0 	0 	0 	0 	0 	0 	0 	: 	: 	: 	: 	: 
M,PAS,TOTAL,INTL,PAS_CRD,EL_LGMK	69465 	174531 	292971 	307447 	171040 	46600 	1052 	0 	0 	0 	561 	: 	: 	: 	: 	: 
M,PAS,TOTAL,INTL,PAS_CRD,EL_LGML	0 	0 	0 	0 	0 	0 	0 	0 	0 	0 	0 	: 	: 	: 	: 	: 
M,PAS,TOTAL,INTL,PAS_CRD,EL_LGMT	15570 	35747 	41410 	42617 	36875 	7959 	0 	0 	0 	0 	0 	: 	: 	: 	: 	: 
M,PAS,TOTAL,INTL,PAS_CRD,EL_LGNX	0 	0 	0 	0 	0 	40 	0 	0 	0 	0 	0 	: 	: 	: 	: 	: 
M,PAS,TOTAL,INTL,PAS_CRD,EL_LGPA	268 	700 	607 	581 	531 	71 	0 	0 	0 	0 	0 	: 	: 	: 	: 	: 
M,PAS,TOTAL,INTL,PAS_CRD,EL_LGPL	0 	0 	0 	0 	0 	0 	0 	0 	0 	0 	0 	: 	: 	: 	: 	: 
M,PAS,TOTAL,INTL,PAS_CRD,EL_LGPZ	81110 	155932 	196859 	200424 	158504 	55450 	1824 	0 	0 	0 	180 	: 	: 	: 	: 	: 
M,PAS,TOTAL,INTL,PAS_CRD,EL_LGRP	713168 	967962 	1161880 	1214599 	989251 	713842 	46959 	4220 	0 	4748 	22585 	: 	: 	: 	: 	: 
M,PAS,TOTAL,INTL,PAS_CRD,EL_LGRX	15520 	30234 	39564 	39384 	33079 	12296 	37 	0 	0 	0 	0 	: 	: 	: 	: 	: 
M,PAS,TOTAL,INTL,PAS_CRD,EL_LGSA	357673 	527161 	645346 	621601 	520346 	352947 	11534 	4067 	3173 	3154 	12475 	: 	: 	: 	: 	: 
M,PAS,TOTAL,INTL,PAS_CRD,EL_LGSK	45101 	109918 	149641 	151288 	102551 	13782 	183 	0 	0 	0 	153 	: 	: 	: 	: 	: 
M,PAS,TOTAL,INTL,PAS_CRD,EL_LGSM	30825 	52602 	60522 	63273 	56865 	17541 	0 	0 	0 	0 	0 	: 	: 	: 	: 	: 
M,PAS,TOTAL,INTL,PAS_CRD,EL_LGSO	0 	0 	0 	0 	0 	0 	0 	0 	0 	0 	0 	: 	: 	: 	: 	: 
M,PAS,TOTAL,INTL,PAS_CRD,EL_LGSR	116655 	204519 	311560 	325056 	216231 	109988 	2756 	0 	0 	0 	1886 	: 	: 	: 	: 	: 
M,PAS,TOTAL,INTL,PAS_CRD,EL_LGST	1040 	2712 	2474 	2780 	2514 	406 	0 	0 	0 	0 	0 	: 	: 	: 	: 	: 
M,PAS,TOTAL,INTL,PAS_CRD,EL_LGSY	0 	1075 	834 	1095 	769 	0 	0 	0 	0 	0 	0 	: 	: 	: 	: 	: 
M,PAS,TOTAL,INTL,PAS_CRD,EL_LGTS	507179 	545160 	631487 	679621 	599408 	532478 	314102 	359933 	272019 	263750 	320494 	: 	: 	: 	: 	: 
M,PAS,TOTAL,INTL,PAS_CRD,EL_LGZA	216975 	393135 	503851 	511225 	388875 	139233 	2633 	0 	0 	0 	546 	: 	: 	: 	: 	: 
M,PAS,TOTAL,INTL,PAS_CRD,ES_GCFV	336846 	354652 	405151 	411908 	369919 	416751 	430993 	403440 	402159 	419313 	478724 	: 	: 	: 	: 	: 
M,PAS,TOTAL,INTL,PAS_CRD,ES_GCHI	0 	0 	0 	0 	0 	0 	0 	0 	0 	0 	0 	: 	: 	: 	: 	: 
M,PAS,TOTAL,INTL,PAS_CRD,ES_GCLA	8984 	8411 	12471 	12220 	11583 	17472 	32963 	31804 	32863 	31887 	34851 	: 	: 	: 	: 	: 
M,PAS,TOTAL,INTL,PAS_CRD,ES_GCLP	494984 	510235 	575766 	582749 	530152 	667604 	826152 	833447 	849018 	819162 	892098 	: 	: 	: 	: 	: 
M,PAS,TOTAL,INTL,PAS_CRD,ES_GCRR	439614 	449088 	497634 	513803 	450237 	519257 	534138 	498169 	501546 	519583 	573058 	: 	: 	: 	: 	: 
M,PAS,TOTAL,INTL,PAS_CRD,ES_GCTS	883305 	883463 	969203 	990916 	897388 	1064655 	1207435 	1188057 	1198157 	1187166 	1288766 	: 	: 	: 	: 	: 
M,PAS,TOTAL,INTL,PAS_CRD,ES_GCXO	3080 	3270 	3817 	4962 	4359 	4194 	7120 	6291 	6306 	6096 	6641 	: 	: 	: 	: 	: 
M,PAS,TOTAL,INTL,PAS_CRD,ES_GEML	0 	0 	0 	0 	0 	3 	0 	0 	0 	0 	0 	: 	: 	: 	: 	: 
M,PAS,TOTAL,INTL,PAS_CRD,ES_LEAL	1624640 	1689654 	1871849 	1857460 	1685444 	1682525 	1230358 	1140738 	950008 	1072265 	1417889 	: 	: 	: 	: 	: 
M,PAS,TOTAL,INTL,PAS_CRD,ES_LEAM	44718 	53480 	63265 	64632 	54625 	36995 	9917 	10116 	5996 	9301 	12992 	: 	: 	: 	: 	: 
M,PAS,TOTAL,INTL,PAS_CRD,ES_LEAS	42369 	43703 	48589 	48465 	44833 	42629 	28911 	31253 	27919 	26218 	31784 	: 	: 	: 	: 	: 
M,PAS,TOTAL,INTL,PAS_CRD,ES_LEBB	312680 	316295 	333869 	343817 	319642 	301009 	225915 	227684 	160713 	173908 	246917 	: 	: 	: 	: 	: 
M,PAS,TOTAL,INTL,PAS_CRD,ES_LEBL	3899939 	3996399 	4210709 	4374770 	4025938 	3971080 	3175980 	3230317 	2823833 	2910180 	3408768 	: 	: 	: 	: 	: 
M,PAS,TOTAL,INTL,PAS_CRD,ES_LECO	11175 	11147 	11204 	10828 	12073 	12806 	10617 	11653 	8346 	9390 	10946 	: 	: 	: 	: 	: 
M,PAS,TOTAL,INTL,PAS_CRD,ES_LEGE	249803 	307498 	326584 	348545 	298228 	217936 	39778 	50715 	34752 	40149 	62902 	: 	: 	: 	: 	: 
M,PAS,TOTAL,INTL,PAS_CRD,ES_LEGR	6858 	6241 	4062 	5072 	5884 	7486 	929 	2143 	830 	1293 	5516 	: 	: 	: 	: 	: 
M,PAS,TOTAL,INTL,PAS_CRD,ES_LEIB	692352 	836612 	963384 	1002274 	824600 	527248 	39496 	27307 	17373 	18891 	51734 	: 	: 	: 	: 	: 
M,PAS,TOTAL,INTL,PAS_CRD,ES_LEJR	54463 	54261 	51213 	53973 	59602 	57717 	14372 	4229 	2035 	3678 	17721 	: 	: 	: 	: 	: 
M,PAS,TOTAL,INTL,PAS_CRD,ES_LEMD	4301865 	4343876 	4627899 	4757102 	4514632 	4606712 	4206154 	4317701 	4094265 	3817943 	4313350 	: 	: 	: 	: 	: 
M,PAS,TOTAL,INTL,PAS_CRD,ES_LEMG	2175549 	2202290 	2386265 	2377905 	2190090 	2185447 	1446809 	1359049 	1160531 	1273403 	1709749 	: 	: 	: 	: 	: 
M,PAS,TOTAL,INTL,PAS_CRD,ES_LEMH	248185 	353449 	419017 	445286 	323977 	199402 	8776 	2299 	1970 	2171 	7436 	: 	: 	: 	: 	: 
M,PAS,TOTAL,INTL,PAS_CRD,ES_LEMI	96374 	98291 	110323 	111530 	100688 	86467 	37545 	33637 	30958 	31224 	46956 	: 	: 	: 	: 	: 
M,PAS,TOTAL,INTL,PAS_CRD,ES_LEPA	3016627 	3377233 	3692438 	3787038 	3302718 	2751990 	560515 	445753 	324521 	450712 	882009 	: 	: 	: 	: 	: 
M,PAS,TOTAL,INTL,PAS_CRD,ES_LEPP	313 	69 	340 	319 	1042 	5 	781 	754 	49 	383 	70 	: 	: 	: 	: 	: 
M,PAS,TOTAL,INTL,PAS_CRD,ES_LERS	188718 	207364 	219095 	230356 	205971 	144569 	4716 	0 	11 	33 	13653 	: 	: 	: 	: 	: 
M,PAS,TOTAL,INTL,PAS_CRD,ES_LESO	2843 	3004 	2950 	1756 	1736 	1507 	181 	232 	157 	23 	911 	: 	: 	: 	: 	: 
M,PAS,TOTAL,INTL,PAS_CRD,ES_LEST	62813 	61829 	75844 	79674 	59818 	54290 	22161 	33305 	24833 	22794 	31954 	: 	: 	: 	: 	: 
M,PAS,TOTAL,INTL,PAS_CRD,ES_LEVC	786876 	806405 	848437 	895620 	810682 	830786 	647030 	675818 	560691 	582969 	758985 	: 	: 	: 	: 	: 
M,PAS,TOTAL,INTL,PAS_CRD,ES_LEVD	4995 	1045 	567 	222 	2325 	5614 	1001 	1030 	333 	217 	946 	: 	: 	: 	: 	: 
M,PAS,TOTAL,INTL,PAS_CRD,ES_LEVT	11034 	7178 	8063 	8784 	7676 	8567 	5889 	8967 	7300 	6216 	6107 	: 	: 	: 	: 	: 
M,PAS,TOTAL,INTL,PAS_CRD,ES_LEVX	5314 	4291 	4869 	4948 	5256 	4230 	3824 	5124 	770 	694 	1090 	: 	: 	: 	: 	: 
M,PAS,TOTAL,INTL,PAS_CRD,ES_LEXJ	55978 	48657 	53487 	57119 	47384 	46187 	20429 	21006 	19649 	18477 	24952 	: 	: 	: 	: 	: 
M,PAS,TOTAL,INTL,PAS_CRD,ES_LEZG	37952 	34492 	39101 	41878 	37351 	41436 	29665 	33602 	31185 	27787 	32007 	: 	: 	: 	: 	: 
M,PAS,TOTAL,INTL,PAS_CRD,ES_LEZL	470651 	405760 	363087 	376811 	419791 	497580 	480712 	471442 	404424 	456917 	575125 	: 	: 	: 	: 	: 
M,PAS,TOTAL,INTL,PAS_CRD,FI_EFHK	1386159 	1487454 	1521336 	1466075 	1344210 	1381515 	1118283 	1174510 	1056217 	1054083 	1200984 	1291069 	1427011 	1553157 	1630375 	: 
M,PAS,TOTAL,INTL,PAS_CRD,FI_EFIV	32 	19 	103 	136 	10 	10 	2002 	41395 	16425 	16133 	9208 	116 	15 	14 	44 	: 
M,PAS,TOTAL,INTL,PAS_CRD,FI_EFJO	314 	19 	29 	19 	190 	1153 	19 	0 	0 	28 	531 	206 	870 	5 	97 	: 
M,PAS,TOTAL,INTL,PAS_CRD,FI_EFJY	224 	199 	8 	0 	489 	1474 	0 	3 	0 	8 	0 	452 	170 	4 	9 	: 
M,PAS,TOTAL,INTL,PAS_CRD,FI_EFKE	600 	0 	0 	0 	0 	936 	0 	879 	2444 	1120 	2315 	0 	666 	15 	0 	: 
M,PAS,TOTAL,INTL,PAS_CRD,FI_EFKI	308 	0 	0 	0 	320 	0 	0 	1021 	186 	428 	75 	367 	425 	143 	0 	: 
M,PAS,TOTAL,INTL,PAS_CRD,FI_EFKK	603 	19 	9 	11 	211 	2067 	0 	56 	96 	115 	154 	126 	1128 	236 	109 	: 
M,PAS,TOTAL,INTL,PAS_CRD,FI_EFKS	0 	0 	0 	0 	281 	0 	653 	31595 	16265 	17247 	7057 	0 	0 	0 	0 	: 
M,PAS,TOTAL,INTL,PAS_CRD,FI_EFKT	93 	862 	1229 	1537 	894 	391 	10086 	99191 	49774 	58739 	30762 	1413 	4 	356 	671 	: 
M,PAS,TOTAL,INTL,PAS_CRD,FI_EFKU	3256 	1446 	167 	1437 	1727 	3147 	1540 	2422 	1571 	1667 	1669 	606 	1394 	2509 	386 	: 
M,PAS,TOTAL,INTL,PAS_CRD,FI_EFMA	2390 	1943 	1492 	2022 	2473 	2714 	1929 	1207 	1311 	1427 	1839 	1928 	2612 	1862 	1298 	: 
M,PAS,TOTAL,INTL,PAS_CRD,FI_EFOU	7309 	4350 	3272 	4105 	5121 	6925 	1391 	2906 	1925 	1764 	2076 	5382 	10194 	8559 	6932 	: 
M,PAS,TOTAL,INTL,PAS_CRD,FI_EFPO	446 	8 	20 	147 	330 	2238 	20 	12 	16 	36 	0 	284 	584 	48 	0 	: 
M,PAS,TOTAL,INTL,PAS_CRD,FI_EFRO	3719 	3410 	4160 	3760 	3387 	9032 	62522 	214659 	148545 	130706 	75884 	3679 	3953 	3889 	4113 	: 
M,PAS,TOTAL,INTL,PAS_CRD,FI_EFSA	0 	68 	144 	105 	0 	348 	28 	0 	0 	0 	0 	0 	0 	0 	136 	: 
M,PAS,TOTAL,INTL,PAS_CRD,FI_EFTP	10984 	13923 	16619 	10796 	11882 	12350 	11657 	12845 	8566 	8871 	10444 	11601 	13612 	12959 	14477 	: 
M,PAS,TOTAL,INTL,PAS_CRD,FI_EFTU	22526 	25341 	20775 	22076 	22900 	28663 	25226 	33430 	26960 	25743 	28900 	32142 	33124 	31992 	27749 	: 
M,PAS,TOTAL,INTL,PAS_CRD,FI_EFVA	6337 	6465 	6369 	5818 	5846 	7151 	4795 	4773 	4285 	4410 	5469 	5673 	7727 	6101 	4545 	: 
M,PAS,TOTAL,INTL,PAS_CRD,FR_FMCZ	9530 	6717 	11567 	11803 	6683 	8024 	6801 	10414 	8796 	4285 	: 	: 	: 	: 	: 	: 
M,PAS,TOTAL,INTL,PAS_CRD,FR_FMEE	89079 	56130 	93304 	86733 	57866 	93152 	71549 	92202 	102992 	51539 	: 	: 	: 	: 	: 	: 
M,PAS,TOTAL,INTL,PAS_CRD,FR_LFBD	357958 	370152 	421339 	442819 	356954 	354558 	259091 	293021 	221309 	258551 	: 	: 	: 	: 	: 	: 
M,PAS,TOTAL,INTL,PAS_CRD,FR_LFBE	22377 	39337 	44711 	48647 	31147 	17879 	1813 	2618 	442 	0 	: 	: 	: 	: 	: 	: 
M,PAS,TOTAL,INTL,PAS_CRD,FR_LFBH	21086 	30895 	41103 	43785 	24438 	18575 	3031 	2600 	3822 	2792 	: 	: 	: 	: 	: 	: 
M,PAS,TOTAL,INTL,PAS_CRD,FR_LFBL	23980 	30109 	28433 	32960 	26322 	17740 	12585 	13225 	9418 	11207 	: 	: 	: 	: 	: 	: 
M,PAS,TOTAL,INTL,PAS_CRD,FR_LFBO	418508 	411180 	429614 	447696 	401915 	409836 	312135 	334314 	288719 	289135 	: 	: 	: 	: 	: 	: 
M,PAS,TOTAL,INTL,PAS_CRD,FR_LFBP	15 	244 	347 	175 	490 	181 	12 	615 	222 	190 	: 	: 	: 	: 	: 	: 
M,PAS,TOTAL,INTL,PAS_CRD,FR_LFBT	59148 	42808 	49591 	46721 	52594 	43972 	9294 	8288 	6910 	11485 	: 	: 	: 	: 	: 	: 
M,PAS,TOTAL,INTL,PAS_CRD,FR_LFBZ	38981 	42160 	63495 	62148 	39578 	33763 	7388 	9462 	8004 	7033 	: 	: 	: 	: 	: 	: 
M,PAS,TOTAL,INTL,PAS_CRD,FR_LFKB	24810 	31263 	37650 	45771 	34083 	21477 	1841 	1711 	578 	815 	: 	: 	: 	: 	: 	: 
M,PAS,TOTAL,INTL,PAS_CRD,FR_LFKC	4946 	9492 	12005 	14428 	9905 	2527 	18 	8 	11 	8 	: 	: 	: 	: 	: 	: 
M,PAS,TOTAL,INTL,PAS_CRD,FR_LFKF	11789 	19511 	33952 	36196 	20672 	8606 	343 	21 	13 	31 	: 	: 	: 	: 	: 	: 
M,PAS,TOTAL,INTL,PAS_CRD,FR_LFKJ	12965 	15364 	21185 	20806 	13722 	7626 	1917 	2043 	984 	2033 	: 	: 	: 	: 	: 	: 
M,PAS,TOTAL,INTL,PAS_CRD,FR_LFLB	55 	50 	247 	102 	62 	40 	61 	24632 	56650 	46428 	: 	: 	: 	: 	: 	: 
M,PAS,TOTAL,INTL,PAS_CRD,FR_LFLC	13463 	11588 	11431 	11573 	9896 	11546 	4370 	4252 	4218 	3546 	: 	: 	: 	: 	: 	: 
M,PAS,TOTAL,INTL,PAS_CRD,FR_LFLL	777820 	759574 	794293 	846029 	727457 	772822 	564738 	642392 	585272 	601931 	: 	: 	: 	: 	: 	: 
M,PAS,TOTAL,INTL,PAS_CRD,FR_LFLS	17 	93 	41 	800 	49 	75 	922 	40877 	70334 	57680 	: 	: 	: 	: 	: 	: 
M,PAS,TOTAL,INTL,PAS_CRD,FR_LFMK	36656 	42239 	43544 	47811 	37452 	27798 	5550 	7157 	5131 	4919 	: 	: 	: 	: 	: 	: 
M,PAS,TOTAL,INTL,PAS_CRD,FR_LFML	783078 	774869 	851957 	916293 	728395 	721402 	496315 	512901 	445657 	460480 	: 	: 	: 	: 	: 	: 
M,PAS,TOTAL,INTL,PAS_CRD,FR_LFMN	1063439 	1179593 	1376383 	1402407 	1122661 	942165 	522063 	551734 	457547 	493083 	: 	: 	: 	: 	: 	: 
M,PAS,TOTAL,INTL,PAS_CRD,FR_LFMP	23820 	30632 	31215 	34230 	24969 	15511 	6602 	7618 	6581 	5369 	: 	: 	: 	: 	: 	: 
M,PAS,TOTAL,INTL,PAS_CRD,FR_LFMT	68921 	74110 	90525 	94236 	71929 	64845 	40423 	49264 	35279 	36064 	: 	: 	: 	: 	: 	: 
M,PAS,TOTAL,INTL,PAS_CRD,FR_LFMU	30227 	35499 	39344 	38915 	33992 	17122 	2537 	3273 	2683 	2491 	: 	: 	: 	: 	: 	: 
M,PAS,TOTAL,INTL,PAS_CRD,FR_LFOB	640036 	612806 	618451 	662016 	560528 	588266 	409448 	427962 	376671 	396519 	: 	: 	: 	: 	: 	: 
M,PAS,TOTAL,INTL,PAS_CRD,FR_LFOK	6472 	5936 	5593 	6138 	5958 	7081 	4226 	3818 	4335 	4411 	: 	: 	: 	: 	: 	: 
M,PAS,TOTAL,INTL,PAS_CRD,FR_LFOT	12204 	12085 	15069 	13179 	10724 	11394 	5996 	5834 	6786 	6193 	: 	: 	: 	: 	: 	: 
M,PAS,TOTAL,INTL,PAS_CRD,FR_LFPG	5589995 	5766920 	6114200 	6213442 	5540601 	5550224 	4832848 	5296449 	4772403 	4433131 	: 	: 	: 	: 	: 	: 
M,PAS,TOTAL,INTL,PAS_CRD,FR_LFPO	2458673 	2489181 	2584510 	2686492 	2433873 	2448549 	1798741 	1939781 	1788075 	1767392 	: 	: 	: 	: 	: 	: 
M,PAS,TOTAL,INTL,PAS_CRD,FR_LFQQ	91437 	89401 	101411 	107201 	89300 	82700 	48103 	52778 	48264 	46706 	: 	: 	: 	: 	: 	: 
M,PAS,TOTAL,INTL,PAS_CRD,FR_LFRB	28969 	27701 	28440 	31413 	26365 	26451 	8276 	10096 	9745 	11085 	: 	: 	: 	: 	: 	: 
M,PAS,TOTAL,INTL,PAS_CRD,FR_LFRK	1532 	303 	507 	537 	615 	145 	52 	25 	22 	18 	: 	: 	: 	: 	: 	: 
M,PAS,TOTAL,INTL,PAS_CRD,FR_LFRN	13544 	11916 	19771 	20152 	12054 	13294 	16526 	21386 	12272 	17198 	: 	: 	: 	: 	: 	: 
M,PAS,TOTAL,INTL,PAS_CRD,FR_LFRS	508400 	495473 	520992 	558421 	472991 	484724 	271732 	304138 	232012 	278393 	: 	: 	: 	: 	: 	: 
M,PAS,TOTAL,INTL,PAS_CRD,FR_LFRZ	3 	38 	26 	39 	35 	95 	8 	1 	11 	0 	: 	: 	: 	: 	: 	: 
M,PAS,TOTAL,INTL,PAS_CRD,FR_LFSB	81269 	87319 	94506 	93444 	74544 	94214 	96374 	91915 	81742 	68450 	: 	: 	: 	: 	: 	: 
M,PAS,TOTAL,INTL,PAS_CRD,FR_LFST	44642 	48390 	55613 	56946 	51599 	50942 	28169 	63409 	34895 	29115 	: 	: 	: 	: 	: 	: 
M,PAS,TOTAL,INTL,PAS_CRD,FR_LFTH	4115 	4713 	7582 	7653 	4012 	1266 	333 	790 	1043 	154 	: 	: 	: 	: 	: 	: 
M,PAS,TOTAL,INTL,PAS_CRD,FR_LFTW	24294 	25839 	23520 	24214 	20522 	20899 	14648 	15893 	13334 	13290 	: 	: 	: 	: 	: 	: 
M,PAS,TOTAL,INTL,PAS_CRD,FR_SOCA	2585 	2421 	3103 	2911 	2441 	3203 	3396 	2278 	2644 	2195 	: 	: 	: 	: 	: 	: 
M,PAS,TOTAL,INTL,PAS_CRD,FR_TFFF	10854 	9396 	15244 	16142 	4363 	8546 	16015 	26539 	34860 	32575 	: 	: 	: 	: 	: 	: 
M,PAS,TOTAL,INTL,PAS_CRD,FR_TFFG	0 	0 	0 	0 	0 	0 	0 	0 	4 	0 	: 	: 	: 	: 	: 	: 
M,PAS,TOTAL,INTL,PAS_CRD,FR_TFFR	11275 	9279 	16444 	19551 	6097 	8960 	13762 	22448 	26361 	25865 	: 	: 	: 	: 	: 	: 
M,PAS,TOTAL,INTL,PAS_CRD,HR_LDDU	358936 	424484 	514612 	518030 	416255 	291774 	30902 	14018 	9062 	8488 	38205 	233433 	376514 	441343 	535888 	: 
M,PAS,TOTAL,INTL,PAS_CRD,HR_LDPL	46870 	90102 	129593 	120788 	85139 	26645 	206 	0 	0 	0 	471 	5552 	37155 	93348 	141453 	: 
M,PAS,TOTAL,INTL,PAS_CRD,HR_LDRI	8979 	29140 	37188 	38559 	27682 	4883 	1063 	473 	261 	967 	689 	641 	8122 	31174 	44688 	: 
M,PAS,TOTAL,INTL,PAS_CRD,HR_LDSP	379396 	559383 	761028 	735443 	539101 	315226 	46508 	34275 	26780 	23460 	47340 	192143 	391548 	542933 	746293 	: 
M,PAS,TOTAL,INTL,PAS_CRD,HR_LDZA	397630 	389259 	415950 	436363 	419554 	414863 	301830 	298391 	263222 	250334 	300701 	376251 	405660 	393951 	418120 	: 
M,PAS,TOTAL,INTL,PAS_CRD,HR_LDZD	162118 	291735 	341641 	356358 	253368 	99735 	1053 	647 	321 	0 	6061 	89947 	181207 	304447 	360723 	: 
M,PAS,TOTAL,INTL,PAS_CRD,HU_LHBP	1694523 	1690695 	1839837 	1898271 	1791601 	1812101 	1548072 	1638758 	1328630 	1329808 	1479697 	1669552 	1818238 	1910012 	: 	: 
M,PAS,TOTAL,INTL,PAS_CRD,HU_LHDC	16850 	18483 	27150 	27187 	22039 	12600 	10515 	8627 	10539 	10896 	12649 	18000 	19044 	30079 	: 	: 
M,PAS,TOTAL,INTL,PAS_CRD,IE_EICK	330883 	354069 	377121 	375661 	319937 	306340 	214611 	224965 	202463 	202463 	251943 	294801 	322525 	: 	: 	: 
M,PAS,TOTAL,INTL,PAS_CRD,IE_EIDW	3383074 	3525593 	3731404 	3762985 	3330955 	3230221 	2609448 	2689291 	2465584 	2335925 	2884702 	3094908 	3475230 	: 	: 	: 
M,PAS,TOTAL,INTL,PAS_CRD,IE_EIKN	91900 	91986 	99993 	106255 	86873 	87539 	60878 	64823 	51579 	56054 	70042 	91074 	98256 	: 	: 	: 
M,PAS,TOTAL,INTL,PAS_CRD,IE_EIKY	30809 	33122 	37292 	39647 	30332 	29479 	17876 	20736 	15185 	16148 	21694 	32928 	35750 	: 	: 	: 
M,PAS,TOTAL,INTL,PAS_CRD,IE_EINN	207312 	231474 	248682 	252574 	209870 	200692 	142563 	152587 	129487 	125540 	167150 	218048 	242572 	: 	: 	: 
M,PAS,TOTAL,INTL,PAS_CRD,IS_BIAR	280 	1480 	2021 	1358 	503 	4390 	4928 	5953 	5766 	7169 	6732 	2790 	1304 	1403 	: 	: 
M,PAS,TOTAL,INTL,PAS_CRD,IS_BIEG	403 	154 	234 	57 	253 	328 	673 	7 	166 	12 	23 	533 	160 	17 	: 	: 
M,PAS,TOTAL,INTL,PAS_CRD,IS_BIIS	0 	0 	0 	0 	0 	0 	0 	0 	0 	0 	0 	0 	0 	0 	: 	: 
M,PAS,TOTAL,INTL,PAS_CRD,IS_BIKF	701973 	867120 	991718 	991585 	750696 	656066 	499223 	507875 	443344 	454646 	521189 	571734 	654406 	789494 	: 	: 
M,PAS,TOTAL,INTL,PAS_CRD,IS_BIRK	281 	517 	636 	1013 	746 	160 	184 	257 	241 	232 	239 	218 	155 	140 	: 	: 
M,PAS,TOTAL,INTL,PAS_CRD,IT_LIBC	2765 	2970 	2789 	2605 	2953 	2717 	1627 	1915 	1725 	1668 	1979 	2740 	2652 	: 	: 	: 
M,PAS,TOTAL,INTL,PAS_CRD,IT_LIBD	440593 	471656 	556346 	599045 	503435 	448773 	268992 	286157 	207891 	228670 	301482 	466231 	553998 	: 	: 	: 
M,PAS,TOTAL,INTL,PAS_CRD,IT_LIBP	64162 	75893 	81440 	87616 	77846 	74017 	39592 	45171 	39234 	37728 	48755 	88621 	89914 	: 	: 	: 
M,PAS,TOTAL,INTL,PAS_CRD,IT_LIBR	112906 	128270 	146068 	149746 	133468 	94940 	22810 	27297 	22000 	20956 	30868 	104807 	135694 	: 	: 	: 
M,PAS,TOTAL,INTL,PAS_CRD,IT_LICA	90124 	123469 	145703 	148884 	129563 	86426 	30857 	43581 	31821 	31177 	41265 	91578 	129204 	: 	: 	: 
M,PAS,TOTAL,INTL,PAS_CRD,IT_LICB	2427 	3424 	8745 	11156 	7865 	490 	0 	0 	0 	0 	0 	1618 	2727 	: 	: 	: 
M,PAS,TOTAL,INTL,PAS_CRD,IT_LICC	490820 	504306 	569550 	610826 	554886 	507659 	272966 	271386 	202168 	235419 	305444 	466259 	550103 	: 	: 	: 
M,PAS,TOTAL,INTL,PAS_CRD,IT_LICD	100 	113 	152 	168 	107 	110 	63 	22 	29 	73 	44 	0 	0 	: 	: 	: 
M,PAS,TOTAL,INTL,PAS_CRD,IT_LICG	17 	88 	39 	30 	5 	26 	2 	0 	0 	0 	0 	0 	24 	: 	: 	: 
M,PAS,TOTAL,INTL,PAS_CRD,IT_LICJ	321739 	341855 	414718 	436592 	362439 	317714 	141150 	154149 	119713 	135746 	197410 	348026 	405695 	: 	: 	: 
M,PAS,TOTAL,INTL,PAS_CRD,IT_LICR	22305 	22328 	23156 	25123 	22021 	19869 	14076 	14211 	11933 	11943 	14305 	16337 	16591 	: 	: 	: 
M,PAS,TOTAL,INTL,PAS_CRD,IT_LICT	28704 	34562 	35807 	37015 	34784 	30907 	6093 	5978 	10214 	12662 	17132 	40972 	45494 	: 	: 	: 
M,PAS,TOTAL,INTL,PAS_CRD,IT_LIEA	57512 	76503 	91380 	96240 	83138 	59278 	1001 	375 	17 	329 	7058 	74494 	88188 	: 	: 	: 
M,PAS,TOTAL,INTL,PAS_CRD,IT_LIEE	153217 	184784 	223679 	231846 	190323 	148213 	47856 	51769 	38042 	40755 	54379 	120099 	160600 	: 	: 	: 
M,PAS,TOTAL,INTL,PAS_CRD,IT_LIEO	214287 	320841 	413192 	425499 	320579 	197048 	12524 	6418 	5894 	5959 	14962 	127557 	254946 	: 	: 	: 
M,PAS,TOTAL,INTL,PAS_CRD,IT_LIMC	2244482 	2361268 	2559107 	2710840 	2491822 	2397057 	1937053 	2023848 	1804127 	1851286 	2006704 	1957367 	2248139 	: 	: 	: 
M,PAS,TOTAL,INTL,PAS_CRD,IT_LIME	1242473 	1218992 	1270967 	1317490 	1214274 	1217432 	981956 	1032464 	923653 	936961 	1086575 	1331447 	1319162 	: 	: 	: 
M,PAS,TOTAL,INTL,PAS_CRD,IT_LIMF	202975 	195326 	207162 	218430 	203217 	217142 	200737 	244915 	266268 	260988 	291641 	245567 	231663 	: 	: 	: 
M,PAS,TOTAL,INTL,PAS_CRD,IT_LIMJ	92699 	86275 	89455 	95262 	84570 	82561 	45754 	49163 	39296 	39720 	53351 	84483 	85849 	: 	: 	: 
M,PAS,TOTAL,INTL,PAS_CRD,IT_LIML	566408 	569761 	591701 	579297 	570303 	586295 	560623 	563645 	509555 	526037 	606197 	679295 	636161 	: 	: 	: 
M,PAS,TOTAL,INTL,PAS_CRD,IT_LIMP	3628 	4310 	4406 	4681 	3901 	2930 	74 	211 	26 	0 	0 	0 	0 	: 	: 	: 
M,PAS,TOTAL,INTL,PAS_CRD,IT_LIPE	810621 	797617 	818491 	841618 	779191 	790184 	602644 	601057 	537093 	527133 	656300 	807422 	829296 	: 	: 	: 
M,PAS,TOTAL,INTL,PAS_CRD,IT_LIPH	284492 	287491 	300578 	307382 	284525 	275412 	231017 	225241 	235477 	220354 	247647 	282314 	291538 	: 	: 	: 
M,PAS,TOTAL,INTL,PAS_CRD,IT_LIPO	708 	451 	374 	241 	309 	154 	142 	104 	113 	161 	146 	275 	241 	: 	: 	: 
M,PAS,TOTAL,INTL,PAS_CRD,IT_LIPQ	72462 	80294 	83610 	87986 	79317 	78843 	52126 	47272 	36224 	40608 	50799 	69586 	79020 	: 	: 	: 
M,PAS,TOTAL,INTL,PAS_CRD,IT_LIPR	34576 	51305 	56829 	60661 	51949 	33328 	6812 	4944 	4157 	3496 	6346 	36020 	44517 	: 	: 	: 
M,PAS,TOTAL,INTL,PAS_CRD,IT_LIPX	229074 	267430 	308815 	331077 	272968 	196660 	120250 	152683 	167133 	166041 	181520 	200763 	249307 	: 	: 	: 
M,PAS,TOTAL,INTL,PAS_CRD,IT_LIPY	42799 	47932 	48273 	54221 	44692 	42310 	30673 	31195 	23112 	22007 	28640 	44641 	47630 	: 	: 	: 
M,PAS,TOTAL,INTL,PAS_CRD,IT_LIPZ	920823 	934101 	946598 	964928 	937165 	905023 	626400 	650461 	571787 	625698 	714691 	886309 	1013413 	: 	: 	: 
M,PAS,TOTAL,INTL,PAS_CRD,IT_LIRA	319144 	298650 	305360 	311286 	295126 	312856 	304558 	302292 	315798 	295219 	325830 	293508 	303000 	: 	: 	: 
M,PAS,TOTAL,INTL,PAS_CRD,IT_LIRF	3666481 	3780106 	3956125 	4196958 	3869360 	3824399 	2869699 	2907674 	2576918 	2507056 	3068613 	3514249 	3792981 	: 	: 	: 
M,PAS,TOTAL,INTL,PAS_CRD,IT_LIRI	: 	: 	: 	: 	: 	: 	: 	: 	2408 	1896 	2916 	9028 	8658 	: 	: 	: 
M,PAS,TOTAL,INTL,PAS_CRD,IT_LIRN	976526 	1014033 	1137662 	1207629 	1051876 	970092 	554964 	592592 	486929 	496401 	635462 	949110 	1073726 	: 	: 	: 
M,PAS,TOTAL,INTL,PAS_CRD,IT_LIRP	451865 	476156 	521526 	531886 	462857 	424674 	246215 	264486 	208125 	231385 	287557 	444590 	496887 	: 	: 	: 
M,PAS,TOTAL,INTL,PAS_CRD,IT_LIRQ	346814 	343294 	331486 	333445 	350545 	332497 	231415 	204383 	183842 	188306 	257168 	341653 	354112 	: 	: 	: 
M,PAS,TOTAL,INTL,PAS_CRD,IT_LIRZ	47744 	48884 	54428 	54777 	50525 	38641 	13582 	12233 	12401 	10416 	17087 	45217 	51133 	: 	: 	: 
M,PAS,TOTAL,INTL,PAS_CRD,LT_EYKA	142051 	146023 	152015 	154044 	137381 	149903 	110412 	119624 	109389 	108975 	127851 	149510 	154745 	155299 	158451 	162107 
M,PAS,TOTAL,INTL,PAS_CRD,LT_EYPA	38462 	36482 	41643 	40909 	38641 	46575 	36109 	37088 	33958 	32008 	36125 	34197 	35897 	38580 	44870 	44072 
M,PAS,TOTAL,INTL,PAS_CRD,LT_EYSA	0 	4 	0 	21 	0 	0 	30 	0 	0 	0 	0 	3 	12 	4 	0 	10 
M,PAS,TOTAL,INTL,PAS_CRD,LT_EYVI	491818 	483261 	492473 	509985 	489413 	506466 	379225 	378111 	333824 	327305 	376925 	468009 	540625 	546245 	549885 	569302 
M,PAS,TOTAL,INTL,PAS_CRD,LU_ELLX	488801 	484694 	511869 	532430 	494276 	505403 	402763 	404100 	308053 	350858 	417264 	483832 	521010 	506016 	539418 	549432 
M,PAS,TOTAL,INTL,PAS_CRD,LV_EVRA	636713 	654180 	701901 	688941 	628387 	673439 	540582 	557499 	442166 	434034 	534565 	583929 	623527 	656541 	: 	: 
M,PAS,TOTAL,INTL,PAS_CRD,ME_LYPG	162623 	194204 	221735 	235421 	204191 	155327 	87897 	86118 	94732 	89730 	: 	: 	: 	: 	: 	: 
M,PAS,TOTAL,INTL,PAS_CRD,ME_LYTV	128583 	181987 	262689 	273105 	200130 	114013 	24688 	159804 	5431 	0 	: 	: 	: 	: 	: 	: 
M,PAS,TOTAL,INTL,PAS_CRD,MK_LWOH	19930 	29490 	36951 	42673 	26020 	18894 	15970 	19044 	15481 	12959 	16553 	22189 	22139 	33173 	: 	: 
M,PAS,TOTAL,INTL,PAS_CRD,MK_LWSK	275951 	294646 	315339 	329845 	303345 	298465 	261136 	275642 	273712 	236769 	285058 	338550 	355688 	341222 	: 	: 
M,PAS,TOTAL,INTL,PAS_CRD,MT_LMML	928609 	924368 	1036422 	1073178 	990959 	979306 	735485 	709855 	595329 	658922 	816537 	1018174 	1081389 	1080619 	: 	: 
M,PAS,TOTAL,INTL,PAS_CRD,NL_EHAM	6089600 	6031778 	6551592 	6621295 	6094409 	6229878 	5214934 	5286441 	4365420 	4593090 	5399898 	5981473 	6290075 	: 	: 	: 
M,PAS,TOTAL,INTL,PAS_CRD,NL_EHBK	19956 	23128 	19616 	20727 	13805 	13539 	4444 	3972 	5124 	3328 	5659 	20796 	21567 	: 	: 	: 
M,PAS,TOTAL,INTL,PAS_CRD,NL_EHEH	698095 	674120 	663896 	695986 	678007 	667575 	486885 	462126 	459416 	447607 	523700 	648049 	726766 	: 	: 	: 
M,PAS,TOTAL,INTL,PAS_CRD,NL_EHGG	12858 	11469 	15098 	18372 	11115 	10263 	2555 	3932 	4519 	3820 	3758 	5834 	11391 	: 	: 	: 
M,PAS,TOTAL,INTL,PAS_CRD,NL_EHRD	243939 	240423 	265241 	285160 	250748 	206474 	124252 	137589 	135828 	135289 	165157 	211696 	260979 	: 	: 	: 
M,PAS,TOTAL,INTL,PAS_CRD,NO_ENAL	22573 	24120 	35059 	29597 	23012 	21653 	14920 	12532 	11655 	13854 	16311 	26041 	28529 	31206 	33037 	: 
M,PAS,TOTAL,INTL,PAS_CRD,NO_ENAT	1341 	1160 	0 	0 	0 	0 	9 	1133 	1458 	1946 	2411 	1204 	1683 	1714 	1048 	: 
M,PAS,TOTAL,INTL,PAS_CRD,NO_ENBN	0 	0 	0 	0 	0 	0 	0 	0 	0 	0 	0 	0 	0 	0 	0 	: 
M,PAS,TOTAL,INTL,PAS_CRD,NO_ENBO	3791 	7787 	14027 	11110 	7586 	3377 	4060 	4065 	5033 	3831 	4646 	3589 	6111 	13866 	17214 	: 
M,PAS,TOTAL,INTL,PAS_CRD,NO_ENBR	224752 	286492 	371778 	329438 	257755 	233386 	157141 	169682 	140588 	148439 	180931 	234508 	290123 	322192 	424959 	: 
M,PAS,TOTAL,INTL,PAS_CRD,NO_ENCN	24370 	24295 	21851 	21828 	27094 	25523 	18223 	17063 	16181 	15459 	19423 	21464 	25805 	24067 	21433 	: 
M,PAS,TOTAL,INTL,PAS_CRD,NO_ENDU	978 	0 	0 	0 	0 	0 	0 	261 	0 	315 	125 	322 	143 	231 	0 	: 
M,PAS,TOTAL,INTL,PAS_CRD,NO_ENEV	6285 	10394 	15096 	16092 	6087 	4728 	1301 	3228 	3969 	7127 	6799 	2778 	7260 	15355 	22765 	: 
M,PAS,TOTAL,INTL,PAS_CRD,NO_ENFL	0 	0 	0 	0 	0 	0 	0 	0 	0 	0 	29 	0 	0 	0 	0 	: 
M,PAS,TOTAL,INTL,PAS_CRD,NO_ENGM	1359327 	1580309 	1894320 	1616451 	1465721 	1405060 	1060712 	1094086 	991268 	1045900 	1178679 	1233830 	1385964 	1514314 	1875216 	: 
M,PAS,TOTAL,INTL,PAS_CRD,NO_ENHD	10900 	11046 	15120 	12234 	9590 	11503 	9944 	9706 	8001 	8554 	8694 	9349 	9617 	11801 	15205 	: 
M,PAS,TOTAL,INTL,PAS_CRD,NO_ENHF	0 	0 	0 	0 	0 	0 	0 	0 	0 	0 	0 	0 	0 	0 	0 	: 
M,PAS,TOTAL,INTL,PAS_CRD,NO_ENKB	339 	829 	1387 	858 	11 	1172 	1665 	1255 	1366 	1382 	1338 	174 	0 	655 	1758 	: 
M,PAS,TOTAL,INTL,PAS_CRD,NO_ENKR	123 	330 	469 	411 	235 	97 	0 	0 	0 	0 	24 	508 	640 	549 	871 	: 
M,PAS,TOTAL,INTL,PAS_CRD,NO_ENLK	34 	0 	0 	0 	0 	0 	0 	0 	0 	0 	0 	0 	0 	0 	0 	: 
M,PAS,TOTAL,INTL,PAS_CRD,NO_ENML	0 	1006 	3138 	1804 	422 	481 	814 	984 	892 	1120 	1045 	378 	357 	212 	2067 	: 
M,PAS,TOTAL,INTL,PAS_CRD,NO_ENMS	0 	0 	0 	0 	0 	0 	0 	0 	0 	0 	0 	0 	0 	0 	0 	: 
M,PAS,TOTAL,INTL,PAS_CRD,NO_ENOV	0 	0 	0 	0 	0 	0 	0 	0 	0 	0 	0 	0 	0 	0 	0 	: 
M,PAS,TOTAL,INTL,PAS_CRD,NO_ENRA	0 	0 	0 	0 	0 	0 	0 	0 	0 	0 	0 	0 	0 	0 	0 	: 
M,PAS,TOTAL,INTL,PAS_CRD,NO_ENSB	1523 	3469 	5661 	1375 	436 	0 	0 	0 	0 	1 	8 	7 	1123 	3525 	5262 	: 
M,PAS,TOTAL,INTL,PAS_CRD,NO_ENSG	0 	0 	0 	0 	0 	0 	0 	0 	0 	0 	0 	0 	0 	0 	0 	: 
M,PAS,TOTAL,INTL,PAS_CRD,NO_ENSK	0 	0 	0 	0 	0 	0 	0 	0 	0 	0 	0 	0 	0 	0 	0 	: 
M,PAS,TOTAL,INTL,PAS_CRD,NO_ENST	0 	0 	0 	0 	0 	0 	0 	0 	0 	0 	0 	0 	0 	0 	0 	: 
M,PAS,TOTAL,INTL,PAS_CRD,NO_ENTC	22821 	31822 	42539 	36447 	25450 	33562 	74877 	136888 	142216 	139098 	116256 	23902 	24959 	36323 	46778 	: 
M,PAS,TOTAL,INTL,PAS_CRD,NO_ENTO	122219 	137298 	160218 	145162 	130830 	133796 	95518 	110993 	85658 	96737 	103772 	115186 	126718 	131909 	156114 	: 
M,PAS,TOTAL,INTL,PAS_CRD,NO_ENVA	82841 	99847 	114148 	101750 	86050 	76628 	58870 	57836 	54625 	57619 	67336 	70619 	85520 	101015 	119333 	: 
M,PAS,TOTAL,INTL,PAS_CRD,NO_ENVD	0 	0 	0 	0 	0 	0 	0 	0 	0 	0 	0 	0 	0 	0 	0 	: 
M,PAS,TOTAL,INTL,PAS_CRD,NO_ENZV	135351 	157589 	199693 	160233 	143324 	134602 	106679 	113537 	92357 	97478 	117271 	116774 	141733 	156282 	195396 	: 
M,PAS,TOTAL,INTL,PAS_CRD,PL_EPBY	36117 	45294 	50292 	51013 	42633 	36562 	31604 	30396 	26044 	26976 	29656 	29213 	: 	: 	: 	: 
M,PAS,TOTAL,INTL,PAS_CRD,PL_EPGD	605047 	669878 	755578 	757201 	675555 	626952 	486406 	507419 	446639 	443914 	496165 	585614 	: 	: 	: 	: 
M,PAS,TOTAL,INTL,PAS_CRD,PL_EPKK	1110499 	1135950 	1231929 	1275552 	1170242 	1169170 	1035137 	1061718 	891119 	980112 	1067992 	1171011 	: 	: 	: 	: 
M,PAS,TOTAL,INTL,PAS_CRD,PL_EPKT	644409 	829314 	949581 	967762 	875830 	630958 	397666 	402062 	365088 	374195 	366478 	476459 	: 	: 	: 	: 
M,PAS,TOTAL,INTL,PAS_CRD,PL_EPLB	39322 	48350 	55131 	55735 	47693 	35349 	23914 	25439 	24410 	23867 	25594 	33907 	: 	: 	: 	: 
M,PAS,TOTAL,INTL,PAS_CRD,PL_EPLL	41817 	51270 	60288 	59229 	50423 	40230 	30973 	32535 	28880 	29944 	31734 	37351 	: 	: 	: 	: 
M,PAS,TOTAL,INTL,PAS_CRD,PL_EPMO	154364 	145852 	154113 	159454 	145343 	149031 	149194 	217128 	218829 	225368 	261342 	376413 	: 	: 	: 	: 
M,PAS,TOTAL,INTL,PAS_CRD,PL_EPPO	386272 	439832 	487402 	504837 	446482 	351568 	231565 	217989 	205170 	200451 	213728 	283432 	: 	: 	: 	: 
M,PAS,TOTAL,INTL,PAS_CRD,PL_EPRZ	96436 	119511 	132921 	129608 	117094 	79173 	56550 	58058 	52474 	53453 	57608 	52373 	: 	: 	: 	: 
M,PAS,TOTAL,INTL,PAS_CRD,PL_EPSC	28628 	28258 	31974 	32999 	25609 	25106 	16135 	22937 	17893 	21967 	21874 	24126 	: 	: 	: 	: 
M,PAS,TOTAL,INTL,PAS_CRD,PL_EPSY	7373 	6110 	8012 	7759 	6254 	7507 	7105 	8264 	8492 	7429 	7066 	9479 	: 	: 	: 	: 
M,PAS,TOTAL,INTL,PAS_CRD,PL_EPWA	1945030 	2118580 	2289908 	2374871 	2201238 	2037058 	1698187 	1666356 	1632857 	1569305 	1640291 	1806260 	: 	: 	: 	: 
M,PAS,TOTAL,INTL,PAS_CRD,PL_EPWR	454870 	520658 	584040 	615160 	569573 	391713 	0 	301068 	292712 	317740 	345686 	429346 	: 	: 	: 	: 
M,PAS,TOTAL,INTL,PAS_CRD,PT_LPAZ	0 	28 	18 	20 	29 	6 	14 	31 	28 	19 	: 	: 	: 	: 	: 	: 
M,PAS,TOTAL,INTL,PAS_CRD,PT_LPBG	3 	0 	12 	4 	0 	1 	6 	6 	3 	2 	: 	: 	: 	: 	: 	: 
M,PAS,TOTAL,INTL,PAS_CRD,PT_LPBJ	246 	317 	370 	864 	440 	406 	178 	72 	28 	18 	: 	: 	: 	: 	: 	: 
M,PAS,TOTAL,INTL,PAS_CRD,PT_LPCR	0 	0 	0 	0 	0 	0 	0 	0 	0 	0 	: 	: 	: 	: 	: 	: 
M,PAS,TOTAL,INTL,PAS_CRD,PT_LPCS	802 	1031 	1308 	1065 	1222 	888 	576 	432 	360 	357 	: 	: 	: 	: 	: 	: 
M,PAS,TOTAL,INTL,PAS_CRD,PT_LPFL	0 	0 	0 	0 	0 	0 	0 	0 	0 	0 	: 	: 	: 	: 	: 	: 
M,PAS,TOTAL,INTL,PAS_CRD,PT_LPFR	1093244 	1165333 	1259519 	1240457 	1148418 	1048866 	405253 	323643 	260853 	321446 	: 	: 	: 	: 	: 	: 
M,PAS,TOTAL,INTL,PAS_CRD,PT_LPGR	0 	0 	0 	0 	0 	0 	0 	0 	0 	0 	: 	: 	: 	: 	: 	: 
M,PAS,TOTAL,INTL,PAS_CRD,PT_LPHR	0 	0 	5 	0 	6 	0 	0 	0 	0 	0 	: 	: 	: 	: 	: 	: 
M,PAS,TOTAL,INTL,PAS_CRD,PT_LPLA	3386 	5045 	8005 	7258 	4787 	1639 	1342 	795 	659 	543 	: 	: 	: 	: 	: 	: 
M,PAS,TOTAL,INTL,PAS_CRD,PT_LPMA	287048 	279558 	308025 	322258 	287551 	281358 	234021 	213586 	202927 	216771 	: 	: 	: 	: 	: 	: 
M,PAS,TOTAL,INTL,PAS_CRD,PT_LPPD	59924 	79980 	99423 	105156 	79005 	44689 	20273 	19323 	17706 	14544 	: 	: 	: 	: 	: 	: 
M,PAS,TOTAL,INTL,PAS_CRD,PT_LPPI	0 	0 	0 	1 	0 	0 	0 	0 	0 	0 	: 	: 	: 	: 	: 	: 
M,PAS,TOTAL,INTL,PAS_CRD,PT_LPPM	0 	0 	0 	0 	0 	0 	0 	0 	0 	0 	: 	: 	: 	: 	: 	: 
M,PAS,TOTAL,INTL,PAS_CRD,PT_LPPR	1365056 	1415364 	1460463 	1539443 	1429756 	1371150 	1020036 	1082911 	896529 	933573 	: 	: 	: 	: 	: 	: 
M,PAS,TOTAL,INTL,PAS_CRD,PT_LPPS	1841 	2502 	3278 	2741 	2221 	3036 	2822 	1507 	1079 	3109 	: 	: 	: 	: 	: 	: 
M,PAS,TOTAL,INTL,PAS_CRD,PT_LPPT	2907734 	2873494 	3027304 	3088938 	2952240 	2939855 	2433861 	2401333 	2253744 	2188910 	: 	: 	: 	: 	: 	: 
M,PAS,TOTAL,INTL,PAS_CRD,PT_LPSJ	0 	0 	0 	0 	0 	20 	0 	0 	0 	0 	: 	: 	: 	: 	: 	: 
M,PAS,TOTAL,INTL,PAS_CRD,PT_LPVR	0 	0 	0 	0 	0 	0 	0 	0 	0 	0 	: 	: 	: 	: 	: 	: 
M,PAS,TOTAL,INTL,PAS_CRD,PT_LPVZ	0 	0 	0 	0 	0 	0 	0 	0 	0 	0 	: 	: 	: 	: 	: 	: 
M,PAS,TOTAL,INTL,PAS_CRD,RO_LRBC	37921 	42047 	47806 	50685 	46895 	35994 	27447 	35130 	33423 	28703 	27361 	: 	: 	: 	: 	: 
M,PAS,TOTAL,INTL,PAS_CRD,RO_LRBV	: 	: 	: 	: 	: 	: 	: 	: 	33584 	37390 	40467 	: 	: 	: 	: 	: 
M,PAS,TOTAL,INTL,PAS_CRD,RO_LRCL	266931 	306618 	333542 	351340 	321929 	288414 	232466 	230569 	196508 	200491 	224156 	: 	: 	: 	: 	: 
M,PAS,TOTAL,INTL,PAS_CRD,RO_LRCV	32162 	62444 	73689 	77411 	60666 	56448 	47439 	49693 	49184 	50904 	58491 	: 	: 	: 	: 	: 
M,PAS,TOTAL,INTL,PAS_CRD,RO_LRIA	183775 	196162 	205681 	212043 	200072 	181884 	147216 	151167 	134237 	124767 	138518 	: 	: 	: 	: 	: 
M,PAS,TOTAL,INTL,PAS_CRD,RO_LROD	5377 	18032 	27693 	29786 	20997 	6818 	5564 	5296 	3338 	3418 	3667 	: 	: 	: 	: 	: 
M,PAS,TOTAL,INTL,PAS_CRD,RO_LROP	1324573 	1404145 	1551440 	1695521 	1553948 	1459679 	1150265 	1212179 	1081021 	1010405 	1090749 	: 	: 	: 	: 	: 
M,PAS,TOTAL,INTL,PAS_CRD,RO_LRSB	49809 	59853 	68449 	100784 	84709 	71615 	52221 	56317 	47875 	43403 	49148 	: 	: 	: 	: 	: 
M,PAS,TOTAL,INTL,PAS_CRD,RO_LRSM	0 	0 	0 	0 	0 	0 	0 	0 	: 	: 	: 	: 	: 	: 	: 	: 
M,PAS,TOTAL,INTL,PAS_CRD,RO_LRSV	58683 	72429 	76118 	84083 	65683 	59409 	41332 	66016 	72684 	64896 	71042 	: 	: 	: 	: 	: 
M,PAS,TOTAL,INTL,PAS_CRD,RO_LRTM	9162 	14108 	17753 	18522 	17315 	11297 	8243 	10709 	7763 	7243 	10118 	: 	: 	: 	: 	: 
M,PAS,TOTAL,INTL,PAS_CRD,RO_LRTR	94697 	112979 	131630 	136381 	120246 	113166 	93491 	97260 	78852 	72726 	88608 	: 	: 	: 	: 	: 
M,PAS,TOTAL,INTL,PAS_CRD,RS_LYBE	750675 	866977 	972823 	1002580 	904203 	811508 	650576 	647803 	600079 	542947 	613683 	: 	: 	: 	: 	: 
M,PAS,TOTAL,INTL,PAS_CRD,RS_LYNI	32396 	37846 	45887 	45702 	37041 	33822 	25853 	31693 	32479 	29941 	30768 	: 	: 	: 	: 	: 
M,PAS,TOTAL,INTL,PAS_CRD,SE_ESDF	0 	0 	3 	0 	97 	120 	3 	8 	16 	4 	: 	: 	: 	: 	: 	: 
M,PAS,TOTAL,INTL,PAS_CRD,SE_ESGG	430734 	503553 	582072 	506493 	476425 	456774 	336002 	343340 	306527 	299009 	: 	: 	: 	: 	: 	: 
M,PAS,TOTAL,INTL,PAS_CRD,SE_ESKN	32363 	32638 	38076 	34999 	30793 	33314 	20964 	26756 	21762 	17062 	: 	: 	: 	: 	: 	: 
M,PAS,TOTAL,INTL,PAS_CRD,SE_ESMQ	3344 	2826 	235 	1632 	2143 	841 	1809 	1456 	1594 	1474 	: 	: 	: 	: 	: 	: 
M,PAS,TOTAL,INTL,PAS_CRD,SE_ESMS	50245 	51756 	57492 	55568 	54391 	43615 	30498 	30934 	30975 	28289 	: 	: 	: 	: 	: 	: 
M,PAS,TOTAL,INTL,PAS_CRD,SE_ESMX	11854 	14138 	17850 	16763 	13695 	10795 	4171 	3642 	3484 	3703 	: 	: 	: 	: 	: 	: 
M,PAS,TOTAL,INTL,PAS_CRD,SE_ESNN	1407 	2347 	41 	2327 	2346 	353 	0 	0 	0 	6 	: 	: 	: 	: 	: 	: 
M,PAS,TOTAL,INTL,PAS_CRD,SE_ESNQ	8 	0 	0 	2 	0 	0 	0 	1626 	2467 	3182 	: 	: 	: 	: 	: 	: 
M,PAS,TOTAL,INTL,PAS_CRD,SE_ESNS	6252 	6344 	3222 	4813 	3542 	2555 	2558 	3599 	4006 	3438 	: 	: 	: 	: 	: 	: 
M,PAS,TOTAL,INTL,PAS_CRD,SE_ESNU	3734 	3389 	1377 	2472 	2630 	1208 	1641 	1495 	1850 	1490 	: 	: 	: 	: 	: 	: 
M,PAS,TOTAL,INTL,PAS_CRD,SE_ESNZ	2547 	868 	74 	19 	552 	1779 	1489 	3037 	2500 	3277 	: 	: 	: 	: 	: 	: 
M,PAS,TOTAL,INTL,PAS_CRD,SE_ESOE	6155 	7564 	5264 	6820 	6748 	2531 	1664 	1637 	2071 	1548 	: 	: 	: 	: 	: 	: 
M,PAS,TOTAL,INTL,PAS_CRD,SE_ESPA	6844 	6420 	2311 	4295 	4407 	727 	2302 	5901 	7731 	7762 	: 	: 	: 	: 	: 	: 
M,PAS,TOTAL,INTL,PAS_CRD,SE_ESSA	1828854 	2014703 	2178018 	2064496 	1834089 	1822521 	1448544 	1517281 	1304523 	1295847 	: 	: 	: 	: 	: 	: 
M,PAS,TOTAL,INTL,PAS_CRD,SE_ESSB	428 	324 	262 	286 	408 	227 	247 	217 	245 	269 	: 	: 	: 	: 	: 	: 
M,PAS,TOTAL,INTL,PAS_CRD,SE_ESSV	0 	944 	3076 	923 	2658 	1018 	170 	0 	8 	0 	: 	: 	: 	: 	: 	: 
M,PAS,TOTAL,INTL,PAS_CRD,SE_ESTA	50 	117 	187 	128 	126 	67 	255 	58 	31 	30 	: 	: 	: 	: 	: 	: 
M,PAS,TOTAL,INTL,PAS_CRD,SI_LJLJ	151791 	163501 	181599 	186328 	176206 	150564 	105623 	101803 	87672 	95121 	110615 	143799 	168820 	184211 	208556 	: 
M,PAS,TOTAL,INTL,PAS_CRD,SK_LZIB	171986 	280690 	357661 	355207 	263531 	194799 	157926 	209487 	180209 	197925 	250418 	339264 	374893 	485819 	597977 	603491 
M,PAS,TOTAL,INTL,PAS_CRD,SK_LZKZ	55957 	99167 	131893 	126252 	89229 	50518 	40507 	43362 	37709 	37612 	43354 	58833 	64529 	103769 	133757 	128694 
M,PAS,TOTAL,INTL,PAS_CRD,TR_LTAC	265662 	307404 	364970 	405199 	348768 	337790 	289704 	318559 	339917 	264677 	: 	: 	: 	: 	: 	: 
M,PAS,TOTAL,INTL,PAS_CRD,TR_LTAI	3331020 	4331699 	4963345 	5220506 	4497812 	4357701 	1181087 	569407 	526840 	420218 	: 	: 	: 	: 	: 	: 
M,PAS,TOTAL,INTL,PAS_CRD,TR_LTAJ	32580 	45228 	42793 	44842 	40061 	37104 	35983 	43768 	49443 	30161 	: 	: 	: 	: 	: 	: 
M,PAS,TOTAL,INTL,PAS_CRD,TR_LTAL	236 	238 	0 	0 	0 	0 	1031 	531 	1097 	534 	: 	: 	: 	: 	: 	: 
M,PAS,TOTAL,INTL,PAS_CRD,TR_LTAN	10775 	15197 	26223 	21392 	14584 	13840 	15662 	24721 	26427 	12210 	: 	: 	: 	: 	: 	: 
M,PAS,TOTAL,INTL,PAS_CRD,TR_LTAP	616 	739 	0 	0 	0 	713 	2655 	4790 	3452 	1387 	: 	: 	: 	: 	: 	: 
M,PAS,TOTAL,INTL,PAS_CRD,TR_LTAR	383 	508 	0 	0 	0 	472 	999 	1956 	3117 	1040 	: 	: 	: 	: 	: 	: 
M,PAS,TOTAL,INTL,PAS_CRD,TR_LTAS	9067 	11728 	16204 	18294 	13828 	10631 	6128 	5987 	3462 	2913 	: 	: 	: 	: 	: 	: 
M,PAS,TOTAL,INTL,PAS_CRD,TR_LTAT	555 	1441 	1519 	1380 	1253 	1169 	866 	966 	3277 	883 	: 	: 	: 	: 	: 	: 
M,PAS,TOTAL,INTL,PAS_CRD,TR_LTAU	38413 	45090 	68646 	77846 	53024 	42928 	32734 	40775 	43019 	31159 	: 	: 	: 	: 	: 	: 
M,PAS,TOTAL,INTL,PAS_CRD,TR_LTAW	373 	373 	0 	0 	0 	171 	1669 	1301 	2392 	360 	: 	: 	: 	: 	: 	: 
M,PAS,TOTAL,INTL,PAS_CRD,TR_LTAY	5600 	1533 	1187 	3073 	1632 	949 	3238 	2892 	2419 	829 	: 	: 	: 	: 	: 	: 
M,PAS,TOTAL,INTL,PAS_CRD,TR_LTAZ	1568 	194 	199 	0 	709 	1666 	424 	474 	851 	176 	: 	: 	: 	: 	: 	: 
M,PAS,TOTAL,INTL,PAS_CRD,TR_LTBA	113 	119 	303 	318 	190 	195 	96 	111 	197 	106 	: 	: 	: 	: 	: 	: 
M,PAS,TOTAL,INTL,PAS_CRD,TR_LTBH	8 	204 	0 	0 	0 	0 	1065 	2126 	607 	486 	: 	: 	: 	: 	: 	: 
M,PAS,TOTAL,INTL,PAS_CRD,TR_LTBJ	440596 	522417 	656041 	728454 	587981 	516802 	284372 	281018 	290126 	214963 	: 	: 	: 	: 	: 	: 
M,PAS,TOTAL,INTL,PAS_CRD,TR_LTBQ	0 	0 	0 	0 	0 	56 	859 	505 	494 	0 	: 	: 	: 	: 	: 	: 
M,PAS,TOTAL,INTL,PAS_CRD,TR_LTBR	4391 	4687 	4166 	5719 	3305 	3147 	3932 	5476 	8622 	4162 	: 	: 	: 	: 	: 	: 
M,PAS,TOTAL,INTL,PAS_CRD,TR_LTBS	440247 	547668 	609382 	673435 	577662 	456298 	47521 	11494 	9620 	7851 	: 	: 	: 	: 	: 	: 
M,PAS,TOTAL,INTL,PAS_CRD,TR_LTBU	0 	0 	0 	0 	0 	152 	0 	0 	0 	0 	: 	: 	: 	: 	: 	: 
M,PAS,TOTAL,INTL,PAS_CRD,TR_LTBY	9646 	8183 	12132 	14389 	7809 	6990 	8323 	10484 	11544 	7380 	: 	: 	: 	: 	: 	: 
M,PAS,TOTAL,INTL,PAS_CRD,TR_LTBZ	2989 	2792 	2525 	3795 	1841 	2169 	4322 	5672 	6421 	3925 	: 	: 	: 	: 	: 	: 
M,PAS,TOTAL,INTL,PAS_CRD,TR_LTCA	7505 	9784 	9785 	10725 	8665 	7296 	5091 	8092 	8300 	2867 	: 	: 	: 	: 	: 	: 
M,PAS,TOTAL,INTL,PAS_CRD,TR_LTCB	3226 	5338 	5722 	5783 	5284 	3694 	1877 	3622 	5073 	1167 	: 	: 	: 	: 	: 	: 
M,PAS,TOTAL,INTL,PAS_CRD,TR_LTCC	14587 	19193 	23161 	27344 	21061 	19479 	16044 	16346 	15726 	11242 	: 	: 	: 	: 	: 	: 
M,PAS,TOTAL,INTL,PAS_CRD,TR_LTCD	191 	190 	0 	0 	0 	0 	384 	193 	1150 	191 	: 	: 	: 	: 	: 	: 
M,PAS,TOTAL,INTL,PAS_CRD,TR_LTCE	1026 	1316 	2576 	1563 	1134 	1403 	752 	2397 	3153 	1146 	: 	: 	: 	: 	: 	: 
M,PAS,TOTAL,INTL,PAS_CRD,TR_LTCF	0 	0 	0 	0 	0 	0 	302 	0 	0 	0 	: 	: 	: 	: 	: 	: 
M,PAS,TOTAL,INTL,PAS_CRD,TR_LTCG	49696 	112198 	225944 	227618 	84526 	38526 	18147 	18312 	22387 	12494 	: 	: 	: 	: 	: 	: 
M,PAS,TOTAL,INTL,PAS_CRD,TR_LTCI	826 	369 	181 	0 	0 	0 	396 	1493 	2941 	726 	: 	: 	: 	: 	: 	: 
M,PAS,TOTAL,INTL,PAS_CRD,TR_LTCJ	545 	558 	0 	0 	0 	0 	0 	1160 	1516 	174 	: 	: 	: 	: 	: 	: 
M,PAS,TOTAL,INTL,PAS_CRD,TR_LTCK	289 	288 	0 	0 	0 	0 	695 	1193 	1641 	301 	: 	: 	: 	: 	: 	: 
M,PAS,TOTAL,INTL,PAS_CRD,TR_LTCL	0 	0 	0 	0 	0 	0 	0 	0 	: 	: 	: 	: 	: 	: 	: 	: 
M,PAS,TOTAL,INTL,PAS_CRD,TR_LTCM	0 	0 	0 	0 	0 	0 	240 	314 	0 	0 	: 	: 	: 	: 	: 	: 
M,PAS,TOTAL,INTL,PAS_CRD,TR_LTCN	0 	0 	0 	0 	0 	0 	1141 	1411 	173 	0 	: 	: 	: 	: 	: 	: 
M,PAS,TOTAL,INTL,PAS_CRD,TR_LTCO	164 	163 	0 	0 	0 	284 	164 	225 	342 	105 	: 	: 	: 	: 	: 	: 
M,PAS,TOTAL,INTL,PAS_CRD,TR_LTCP	297 	294 	0 	0 	0 	0 	0 	730 	913 	167 	: 	: 	: 	: 	: 	: 
M,PAS,TOTAL,INTL,PAS_CRD,TR_LTCR	385 	0 	378 	0 	0 	183 	688 	1654 	5549 	702 	: 	: 	: 	: 	: 	: 
M,PAS,TOTAL,INTL,PAS_CRD,TR_LTCS	1362 	1335 	0 	66 	155 	870 	2064 	6805 	10845 	4630 	: 	: 	: 	: 	: 	: 
M,PAS,TOTAL,INTL,PAS_CRD,TR_LTCT	0 	0 	0 	0 	0 	0 	0 	0 	0 	0 	: 	: 	: 	: 	: 	: 
M,PAS,TOTAL,INTL,PAS_CRD,TR_LTCU	0 	0 	0 	0 	0 	0 	186 	923 	163 	0 	: 	: 	: 	: 	: 	: 
M,PAS,TOTAL,INTL,PAS_CRD,TR_LTCV	0 	0 	0 	0 	0 	0 	241 	403 	220 	220 	: 	: 	: 	: 	: 	: 
M,PAS,TOTAL,INTL,PAS_CRD,TR_LTCW	0 	0 	0 	0 	0 	0 	0 	0 	0 	0 	: 	: 	: 	: 	: 	: 
M,PAS,TOTAL,INTL,PAS_CRD,TR_LTDA	0 	0 	0 	0 	5245 	6670 	6927 	9472 	9507 	5937 	: 	: 	: 	: 	: 	: 
M,PAS,TOTAL,INTL,PAS_CRD,TR_LTDB	106122 	118086 	137600 	143448 	123186 	112901 	96673 	95995 	100376 	73648 	: 	: 	: 	: 	: 	: 
M,PAS,TOTAL,INTL,PAS_CRD,TR_LTFC	1766 	882 	195 	0 	122 	194 	1134 	689 	1295 	909 	: 	: 	: 	: 	: 	: 
M,PAS,TOTAL,INTL,PAS_CRD,TR_LTFD	3670 	6417 	9684 	11479 	6430 	2587 	1941 	4141 	3581 	1007 	: 	: 	: 	: 	: 	: 
M,PAS,TOTAL,INTL,PAS_CRD,TR_LTFE	194397 	304699 	353683 	378652 	299174 	199444 	10995 	5687 	4484 	3307 	: 	: 	: 	: 	: 	: 
M,PAS,TOTAL,INTL,PAS_CRD,TR_LTFG	56466 	67706 	112328 	90501 	72749 	70467 	19536 	9850 	9206 	6096 	: 	: 	: 	: 	: 	: 
M,PAS,TOTAL,INTL,PAS_CRD,TR_LTFH	11950 	18167 	26039 	29476 	20941 	16328 	12074 	16919 	16295 	7832 	: 	: 	: 	: 	: 	: 
M,PAS,TOTAL,INTL,PAS_CRD,TR_LTFJ	2175401 	2158717 	2350121 	2581620 	2428349 	2562092 	2387785 	2447965 	2438085 	2169282 	: 	: 	: 	: 	: 	: 
M,PAS,TOTAL,INTL,PAS_CRD,TR_LTFM	5475679 	5427766 	6115855 	6448120 	5975819 	6066295 	5516340 	5501416 	5579317 	4685993 	: 	: 	: 	: 	: 	: 
M,PAS,TOTAL,INTL,PAS_CRD,TR_LTFO	247 	2031 	12302 	11033 	1697 	0 	0 	854 	1905 	622 	: 	: 	: 	: 	: 	: 
M,PAS,TOTAL,INTL_IEU27_2020,PAS_CRD,AT_LOWG	55550 	62106 	63275 	62829 	64449 	51896 	40836 	33632 	27613 	32203 	38604 	45116 	53901 	59658 	62881 	: 
M,PAS,TOTAL,INTL_IEU27_2020,PAS_CRD,AT_LOWI	12352 	18789 	16921 	18178 	17757 	5094 	3061 	35768 	82094 	87238 	82875 	10500 	14410 	18778 	19042 	: 
M,PAS,TOTAL,INTL_IEU27_2020,PAS_CRD,AT_LOWK	12981 	12863 	12572 	14987 	12073 	9627 	74 	343 	557 	625 	817 	6980 	11038 	10803 	11691 	: 
M,PAS,TOTAL,INTL_IEU27_2020,PAS_CRD,AT_LOWL	23572 	25617 	25955 	29442 	27477 	15152 	3165 	2742 	3930 	3974 	4022 	8602 	16918 	21037 	20381 	: 
M,PAS,TOTAL,INTL_IEU27_2020,PAS_CRD,AT_LOWS	85568 	94268 	94911 	101835 	98561 	90705 	57036 	83428 	115486 	121082 	108033 	65698 	88995 	95878 	104552 	: 
M,PAS,TOTAL,INTL_IEU27_2020,PAS_CRD,AT_LOWW	1867337 	1955663 	2086748 	2128547 	2016439 	1947291 	1470791 	1519380 	1070767 	1151414 	1481271 	1739806 	1857863 	1916351 	2022081 	: 
M,PAS,TOTAL,INTL_IEU27_2020,PAS_CRD,BE_EBAW	15384 	16132 	25002 	24841 	25620 	22043 	11039 	11071 	11255 	10616 	: 	: 	: 	: 	: 	: 
M,PAS,TOTAL,INTL_IEU27_2020,PAS_CRD,BE_EBBR	1249901 	1283039 	1457562 	1418759 	1380644 	1327533 	962136 	1024001 	875472 	949710 	: 	: 	: 	: 	: 	: 
M,PAS,TOTAL,INTL_IEU27_2020,PAS_CRD,BE_EBCI	867986 	804351 	875691 	906751 	822411 	837490 	656403 	700685 	555598 	631523 	: 	: 	: 	: 	: 	: 
M,PAS,TOTAL,INTL_IEU27_2020,PAS_CRD,BE_EBLG	4361 	0 	9812 	9804 	9517 	7759 	5601 	4981 	1833 	863 	: 	: 	: 	: 	: 	: 
M,PAS,TOTAL,INTL_IEU27_2020,PAS_CRD,BE_EBOS	32819 	35023 	39240 	39244 	41550 	35843 	20944 	18456 	19159 	19674 	: 	: 	: 	: 	: 	: 
M,PAS,TOTAL,INTL_IEU27_2020,PAS_CRD,BG_LBBG	39229 	237570 	392554 	386989 	179306 	18417 	0 	0 	0 	0 	0 	0 	42927 	221334 	: 	: 
M,PAS,TOTAL,INTL_IEU27_2020,PAS_CRD,BG_LBPD	18 	511 	151 	445 	86 	620 	5067 	7332 	5131 	4755 	5227 	6779 	6095 	5270 	: 	: 
M,PAS,TOTAL,INTL_IEU27_2020,PAS_CRD,BG_LBSF	531409 	512677 	527113 	554678 	541309 	542259 	460122 	509507 	417226 	419604 	504430 	564864 	598572 	561808 	: 	: 
M,PAS,TOTAL,INTL_IEU27_2020,PAS_CRD,BG_LBWN	83460 	160591 	220428 	244282 	153484 	76411 	56958 	65949 	50912 	45625 	56068 	72536 	101354 	202321 	: 	: 
M,PAS,TOTAL,INTL_IEU27_2020,PAS_CRD,CY_LCLK	470179 	558856 	619289 	666780 	567116 	550594 	359905 	315083 	253587 	255387 	262644 	390124 	436604 	481534 	559368 	: 
M,PAS,TOTAL,INTL_IEU27_2020,PAS_CRD,CY_LCPH	161164 	168122 	198378 	210775 	190286 	196040 	129757 	128965 	120363 	126010 	114379 	161323 	188850 	186094 	210197 	: 
M,PAS,TOTAL,INTL_IEU27_2020,PAS_CRD,CZ_LKCS	512 	6541 	8804 	8592 	6186 	558 	6 	8 	10 	8 	0 	8 	226 	: 	: 	: 
M,PAS,TOTAL,INTL_IEU27_2020,PAS_CRD,CZ_LKKV	37 	437 	1598 	1252 	188 	10 	0 	17 	6 	32 	27 	15 	26 	: 	: 	: 
M,PAS,TOTAL,INTL_IEU27_2020,PAS_CRD,CZ_LKMT	8282 	37281 	50400 	49497 	31728 	8047 	5980 	6435 	5376 	6388 	6497 	6495 	10614 	: 	: 	: 
M,PAS,TOTAL,INTL_IEU27_2020,PAS_CRD,CZ_LKPD	0 	23044 	31419 	33197 	23465 	10670 	3881 	0 	5904 	4201 	6128 	7163 	8488 	: 	: 	: 
M,PAS,TOTAL,INTL_IEU27_2020,PAS_CRD,CZ_LKPR	903930 	1047283 	1105463 	1117973 	1062972 	966519 	771742 	852437 	601519 	640153 	816408 	928710 	1006321 	: 	: 	: 
M,PAS,TOTAL,INTL_IEU27_2020,PAS_CRD,CZ_LKTB	11189 	61586 	83160 	81292 	55811 	12547 	4056 	3543 	3486 	3440 	4843 	7778 	14921 	: 	: 	: 
M,PAS,TOTAL,INTL_IEU27_2020,PAS_CRD,DE_EDDB	1261648 	1244061 	1260292 	1309753 	1302250 	1361343 	953004 	955572 	730544 	825546 	1061543 	1208580 	1327253 	: 	: 	: 
M,PAS,TOTAL,INTL_IEU27_2020,PAS_CRD,DE_EDDC	19660 	21550 	24362 	24322 	22205 	23288 	4472 	2604 	1061 	2851 	3919 	8022 	19727 	: 	: 	: 
M,PAS,TOTAL,INTL_IEU27_2020,PAS_CRD,DE_EDDE	7355 	8526 	9700 	9963 	9098 	8003 	900 	896 	1130 	1420 	2318 	6469 	10906 	: 	: 	: 
M,PAS,TOTAL,INTL_IEU27_2020,PAS_CRD,DE_EDDF	2371083 	2478727 	2553982 	2605260 	2466445 	2451233 	1836696 	1688968 	1406325 	1419405 	1824597 	1984798 	2554768 	: 	: 	: 
M,PAS,TOTAL,INTL_IEU27_2020,PAS_CRD,DE_EDDG	58914 	64817 	70674 	69116 	65159 	55622 	10987 	11052 	10466 	9531 	14864 	39706 	62539 	: 	: 	: 
M,PAS,TOTAL,INTL_IEU27_2020,PAS_CRD,DE_EDDH	691625 	706421 	740483 	794928 	742638 	759101 	451568 	444697 	352570 	391821 	556128 	607689 	719889 	: 	: 	: 
M,PAS,TOTAL,INTL_IEU27_2020,PAS_CRD,DE_EDDK	508651 	536867 	550540 	577965 	552587 	559505 	283590 	286423 	215725 	246644 	339771 	404730 	497151 	: 	: 	: 
M,PAS,TOTAL,INTL_IEU27_2020,PAS_CRD,DE_EDDL	1083640 	1133337 	1178742 	1195302 	1184566 	1180909 	637422 	587160 	513452 	550463 	748698 	946576 	1109773 	: 	: 	: 
M,PAS,TOTAL,INTL_IEU27_2020,PAS_CRD,DE_EDDM	2029317 	2105796 	2161693 	2240800 	2178487 	2045087 	1471254 	1365557 	1133095 	1165489 	1489139 	1536528 	1818229 	: 	: 	: 
M,PAS,TOTAL,INTL_IEU27_2020,PAS_CRD,DE_EDDN	226046 	264806 	260203 	277995 	267259 	266194 	140449 	143392 	109655 	121844 	163003 	213016 	253192 	: 	: 	: 
M,PAS,TOTAL,INTL_IEU27_2020,PAS_CRD,DE_EDDP	98459 	111781 	120412 	124364 	112722 	116447 	34517 	28789 	25687 	33840 	46590 	68350 	89537 	: 	: 	: 
M,PAS,TOTAL,INTL_IEU27_2020,PAS_CRD,DE_EDDR	13793 	26542 	28732 	30344 	28616 	26149 	777 	31 	396 	959 	2258 	16778 	19554 	: 	: 	: 
M,PAS,TOTAL,INTL_IEU27_2020,PAS_CRD,DE_EDDS	487900 	534876 	517293 	584136 	557629 	529040 	264951 	252772 	186227 	196442 	296249 	384510 	496579 	: 	: 	: 
M,PAS,TOTAL,INTL_IEU27_2020,PAS_CRD,DE_EDDV	232711 	235293 	236586 	241881 	254820 	265676 	128091 	100172 	87603 	98268 	143767 	205970 	249943 	: 	: 	: 
M,PAS,TOTAL,INTL_IEU27_2020,PAS_CRD,DE_EDDW	69623 	71449 	74515 	75161 	68324 	66341 	40973 	36466 	31163 	39480 	48566 	50049 	70903 	: 	: 	: 
M,PAS,TOTAL,INTL_IEU27_2020,PAS_CRD,DE_EDFH	142564 	141070 	145254 	164632 	149582 	156030 	83220 	101149 	76522 	81481 	98682 	106474 	119323 	: 	: 	: 
M,PAS,TOTAL,INTL_IEU27_2020,PAS_CRD,DE_EDJA	208437 	221360 	226716 	261118 	240154 	230179 	142819 	167037 	135449 	129768 	155605 	217472 	229752 	: 	: 	: 
M,PAS,TOTAL,INTL_IEU27_2020,PAS_CRD,DE_EDLP	37448 	47140 	51938 	51053 	48772 	47228 	5290 	4086 	4117 	4422 	10715 	27810 	34853 	: 	: 	: 
M,PAS,TOTAL,INTL_IEU27_2020,PAS_CRD,DE_EDLV	178758 	185253 	185401 	194814 	182151 	179092 	88456 	90362 	72332 	85442 	110865 	177884 	191804 	: 	: 	: 
M,PAS,TOTAL,INTL_IEU27_2020,PAS_CRD,DE_EDLW	159305 	178230 	183608 	200219 	183049 	188524 	129097 	143681 	124943 	117707 	137888 	182626 	196812 	: 	: 	: 
M,PAS,TOTAL,INTL_IEU27_2020,PAS_CRD,DE_EDNY	9051 	12518 	9338 	12396 	11670 	10478 	744 	1253 	3983 	2306 	1193 	5903 	10194 	: 	: 	: 
M,PAS,TOTAL,INTL_IEU27_2020,PAS_CRD,DE_EDSB	157109 	174715 	181236 	196360 	180294 	171127 	83547 	103733 	71938 	84360 	106402 	150173 	170929 	: 	: 	: 
M,PAS,TOTAL,INTL_IEU27_2020,PAS_CRD,DK_EKAH	25196 	29237 	33881 	30857 	26542 	23034 	8703 	9000 	8549 	9475 	11620 	23062 	30101 	: 	: 	: 
M,PAS,TOTAL,INTL_IEU27_2020,PAS_CRD,DK_EKBI	189250 	209269 	251137 	222448 	216641 	197823 	141730 	117374 	131886 	127075 	157854 	179069 	228896 	: 	: 	: 
M,PAS,TOTAL,INTL_IEU27_2020,PAS_CRD,DK_EKCH	1761347 	1869073 	1966438 	1865621 	1866715 	1822492 	1350816 	1337499 	1199550 	1208331 	1488909 	1749440 	1914533 	: 	: 	: 
M,PAS,TOTAL,INTL_IEU27_2020,PAS_CRD,DK_EKEB	0 	5 	15 	2 	20 	29 	4 	1 	13 	0 	0 	0 	11 	: 	: 	: 
M,PAS,TOTAL,INTL_IEU27_2020,PAS_CRD,DK_EKKA	237 	0 	0 	0 	5 	21 	293 	346 	65 	0 	0 	0 	72 	: 	: 	: 
M,PAS,TOTAL,INTL_IEU27_2020,PAS_CRD,DK_EKRK	534 	440 	184 	852 	406 	276 	97 	76 	189 	239 	171 	169 	160 	: 	: 	: 
M,PAS,TOTAL,INTL_IEU27_2020,PAS_CRD,DK_EKRN	1212 	0 	0 	0 	427 	1068 	210 	0 	0 	0 	432 	629 	1370 	: 	: 	: 
M,PAS,TOTAL,INTL_IEU27_2020,PAS_CRD,DK_EKSB	544 	491 	318 	397 	524 	55 	569 	83 	16 	30 	59 	40 	46 	: 	: 	: 
M,PAS,TOTAL,INTL_IEU27_2020,PAS_CRD,DK_EKYT	48802 	55713 	65613 	59040 	59800 	51796 	31691 	30033 	27683 	31524 	36689 	33596 	49093 	: 	: 	: 
M,PAS,TOTAL,INTL_IEU27_2020,PAS_CRD,EE_EETN	228577 	243613 	241056 	254608 	227822 	237029 	186115 	212258 	173500 	174487 	204216 	240222 	277321 	: 	: 	: 
M,PAS,TOTAL,INTL_IEU27_2020,PAS_CRD,EL_LGAL	179 	174 	0 	0 	80 	175 	3 	0 	0 	0 	0 	: 	: 	: 	: 	: 
M,PAS,TOTAL,INTL_IEU27_2020,PAS_CRD,EL_LGAV	1243740 	1361046 	1449165 	1509123 	1372208 	1300742 	979390 	972727 	816948 	843082 	1046776 	: 	: 	: 	: 	: 
M,PAS,TOTAL,INTL_IEU27_2020,PAS_CRD,EL_LGBL	3696 	5931 	6540 	7588 	5770 	3112 	0 	0 	0 	0 	8 	: 	: 	: 	: 	: 
M,PAS,TOTAL,INTL_IEU27_2020,PAS_CRD,EL_LGHI	0 	0 	0 	0 	0 	1 	0 	0 	2 	0 	0 	: 	: 	: 	: 	: 
M,PAS,TOTAL,INTL_IEU27_2020,PAS_CRD,EL_LGIK	0 	0 	0 	0 	0 	0 	0 	0 	0 	0 	0 	: 	: 	: 	: 	: 
M,PAS,TOTAL,INTL_IEU27_2020,PAS_CRD,EL_LGIO	3628 	8302 	7590 	8899 	8194 	2053 	0 	0 	0 	0 	0 	: 	: 	: 	: 	: 
M,PAS,TOTAL,INTL_IEU27_2020,PAS_CRD,EL_LGIR	654306 	907741 	1110230 	1160324 	936686 	735451 	66218 	17596 	9063 	11282 	32999 	: 	: 	: 	: 	: 
M,PAS,TOTAL,INTL_IEU27_2020,PAS_CRD,EL_LGKA	0 	0 	0 	0 	0 	0 	0 	0 	0 	0 	0 	: 	: 	: 	: 	: 
M,PAS,TOTAL,INTL_IEU27_2020,PAS_CRD,EL_LGKC	0 	0 	0 	0 	0 	0 	0 	0 	0 	0 	0 	: 	: 	: 	: 	: 
M,PAS,TOTAL,INTL_IEU27_2020,PAS_CRD,EL_LGKF	11069 	50613 	75275 	78399 	45961 	8712 	0 	0 	0 	0 	0 	: 	: 	: 	: 	: 
M,PAS,TOTAL,INTL_IEU27_2020,PAS_CRD,EL_LGKJ	0 	0 	0 	0 	0 	0 	0 	0 	0 	0 	0 	: 	: 	: 	: 	: 
M,PAS,TOTAL,INTL_IEU27_2020,PAS_CRD,EL_LGKL	16155 	27122 	30394 	31453 	30974 	19408 	3368 	28 	22 	4 	3288 	: 	: 	: 	: 	: 
M,PAS,TOTAL,INTL_IEU27_2020,PAS_CRD,EL_LGKO	218240 	320297 	382355 	402549 	328954 	218416 	9126 	0 	0 	0 	182 	: 	: 	: 	: 	: 
M,PAS,TOTAL,INTL_IEU27_2020,PAS_CRD,EL_LGKP	11126 	31669 	41261 	45056 	32906 	6086 	0 	0 	0 	0 	0 	: 	: 	: 	: 	: 
M,PAS,TOTAL,INTL_IEU27_2020,PAS_CRD,EL_LGKR	209444 	412519 	542593 	569144 	430776 	233099 	4162 	0 	0 	0 	4430 	: 	: 	: 	: 	: 
M,PAS,TOTAL,INTL_IEU27_2020,PAS_CRD,EL_LGKS	0 	0 	0 	0 	0 	0 	0 	0 	0 	0 	0 	: 	: 	: 	: 	: 
M,PAS,TOTAL,INTL_IEU27_2020,PAS_CRD,EL_LGKV	14629 	40510 	44137 	47961 	40628 	13372 	456 	0 	0 	0 	219 	: 	: 	: 	: 	: 
M,PAS,TOTAL,INTL_IEU27_2020,PAS_CRD,EL_LGKY	0 	0 	0 	0 	0 	0 	0 	0 	0 	0 	0 	: 	: 	: 	: 	: 
M,PAS,TOTAL,INTL_IEU27_2020,PAS_CRD,EL_LGKZ	0 	0 	0 	0 	0 	0 	0 	0 	0 	0 	0 	: 	: 	: 	: 	: 
M,PAS,TOTAL,INTL_IEU27_2020,PAS_CRD,EL_LGLE	0 	0 	0 	0 	0 	0 	0 	0 	0 	0 	0 	: 	: 	: 	: 	: 
M,PAS,TOTAL,INTL_IEU27_2020,PAS_CRD,EL_LGLM	2680 	4960 	4897 	5481 	5070 	2591 	0 	0 	0 	0 	0 	: 	: 	: 	: 	: 
M,PAS,TOTAL,INTL_IEU27_2020,PAS_CRD,EL_LGMG	0 	0 	0 	0 	0 	0 	0 	0 	0 	0 	0 	: 	: 	: 	: 	: 
M,PAS,TOTAL,INTL_IEU27_2020,PAS_CRD,EL_LGMK	34936 	116006 	203150 	214781 	110288 	25664 	529 	0 	0 	0 	380 	: 	: 	: 	: 	: 
M,PAS,TOTAL,INTL_IEU27_2020,PAS_CRD,EL_LGML	0 	0 	0 	0 	0 	0 	0 	0 	0 	0 	0 	: 	: 	: 	: 	: 
M,PAS,TOTAL,INTL_IEU27_2020,PAS_CRD,EL_LGMT	9928 	24799 	29390 	29380 	26305 	5909 	0 	0 	0 	0 	0 	: 	: 	: 	: 	: 
M,PAS,TOTAL,INTL_IEU27_2020,PAS_CRD,EL_LGNX	0 	0 	0 	0 	0 	0 	0 	0 	0 	0 	0 	: 	: 	: 	: 	: 
M,PAS,TOTAL,INTL_IEU27_2020,PAS_CRD,EL_LGPA	266 	700 	607 	581 	531 	71 	0 	0 	0 	0 	0 	: 	: 	: 	: 	: 
M,PAS,TOTAL,INTL_IEU27_2020,PAS_CRD,EL_LGPL	0 	0 	0 	0 	0 	0 	0 	0 	0 	0 	0 	: 	: 	: 	: 	: 
M,PAS,TOTAL,INTL_IEU27_2020,PAS_CRD,EL_LGPZ	50228 	102030 	131158 	128345 	100864 	31123 	399 	0 	0 	0 	0 	: 	: 	: 	: 	: 
M,PAS,TOTAL,INTL_IEU27_2020,PAS_CRD,EL_LGRP	439329 	638629 	743302 	776865 	642286 	448733 	31536 	4075 	0 	4112 	15368 	: 	: 	: 	: 	: 
M,PAS,TOTAL,INTL_IEU27_2020,PAS_CRD,EL_LGRX	15520 	30234 	39549 	39339 	32640 	11105 	1 	0 	0 	0 	0 	: 	: 	: 	: 	: 
M,PAS,TOTAL,INTL_IEU27_2020,PAS_CRD,EL_LGSA	238678 	379556 	453695 	442903 	376933 	256898 	8797 	4067 	3173 	3154 	9425 	: 	: 	: 	: 	: 
M,PAS,TOTAL,INTL_IEU27_2020,PAS_CRD,EL_LGSK	6129 	51811 	83229 	84604 	46470 	5881 	0 	0 	0 	0 	0 	: 	: 	: 	: 	: 
M,PAS,TOTAL,INTL_IEU27_2020,PAS_CRD,EL_LGSM	28741 	45874 	51768 	54765 	49707 	15318 	0 	0 	0 	0 	0 	: 	: 	: 	: 	: 
M,PAS,TOTAL,INTL_IEU27_2020,PAS_CRD,EL_LGSO	0 	0 	0 	0 	0 	0 	0 	0 	0 	0 	0 	: 	: 	: 	: 	: 
M,PAS,TOTAL,INTL_IEU27_2020,PAS_CRD,EL_LGSR	56305 	130634 	222439 	234502 	137863 	61381 	1009 	0 	0 	0 	755 	: 	: 	: 	: 	: 
M,PAS,TOTAL,INTL_IEU27_2020,PAS_CRD,EL_LGST	1040 	2709 	2474 	2765 	2514 	406 	0 	0 	0 	0 	0 	: 	: 	: 	: 	: 
M,PAS,TOTAL,INTL_IEU27_2020,PAS_CRD,EL_LGSY	0 	1075 	834 	1095 	769 	0 	0 	0 	0 	0 	0 	: 	: 	: 	: 	: 
M,PAS,TOTAL,INTL_IEU27_2020,PAS_CRD,EL_LGTS	387006 	415402 	466580 	503097 	444249 	421643 	251468 	293780 	219982 	215428 	268266 	: 	: 	: 	: 	: 
M,PAS,TOTAL,INTL_IEU27_2020,PAS_CRD,EL_LGZA	118690 	243687 	337651 	342417 	244409 	70497 	1292 	0 	0 	0 	115 	: 	: 	: 	: 	: 
M,PAS,TOTAL,INTL_IEU27_2020,PAS_CRD,ES_GCFV	202349 	218661 	252903 	257869 	236672 	259656 	277654 	260268 	256657 	261231 	302873 	: 	: 	: 	: 	: 
M,PAS,TOTAL,INTL_IEU27_2020,PAS_CRD,ES_GCHI	0 	0 	0 	0 	0 	0 	0 	0 	0 	0 	0 	: 	: 	: 	: 	: 
M,PAS,TOTAL,INTL_IEU27_2020,PAS_CRD,ES_GCLA	4917 	5416 	9184 	9243 	8659 	14399 	29829 	28624 	29130 	28408 	30763 	: 	: 	: 	: 	: 
M,PAS,TOTAL,INTL_IEU27_2020,PAS_CRD,ES_GCLP	272521 	284481 	328812 	338091 	299050 	399527 	550101 	559035 	561476 	536546 	585957 	: 	: 	: 	: 	: 
M,PAS,TOTAL,INTL_IEU27_2020,PAS_CRD,ES_GCRR	162072 	163845 	190751 	195830 	164753 	196099 	231543 	217087 	226379 	226988 	241954 	: 	: 	: 	: 	: 
M,PAS,TOTAL,INTL_IEU27_2020,PAS_CRD,ES_GCTS	401985 	402017 	456250 	468280 	424067 	520722 	681024 	671063 	681264 	665424 	699622 	: 	: 	: 	: 	: 
M,PAS,TOTAL,INTL_IEU27_2020,PAS_CRD,ES_GCXO	1144 	808 	2394 	2295 	2166 	2260 	5132 	5345 	5663 	5089 	6075 	: 	: 	: 	: 	: 
M,PAS,TOTAL,INTL_IEU27_2020,PAS_CRD,ES_GEML	0 	0 	0 	0 	0 	3 	0 	0 	0 	0 	0 	: 	: 	: 	: 	: 
M,PAS,TOTAL,INTL_IEU27_2020,PAS_CRD,ES_LEAL	838518 	855053 	941838 	938640 	858223 	886537 	660309 	658158 	562329 	604175 	751246 	: 	: 	: 	: 	: 
M,PAS,TOTAL,INTL_IEU27_2020,PAS_CRD,ES_LEAM	14888 	22282 	28439 	27493 	21189 	7416 	315 	51 	34 	386 	781 	: 	: 	: 	: 	: 
M,PAS,TOTAL,INTL_IEU27_2020,PAS_CRD,ES_LEAS	34263 	35163 	39223 	39336 	35934 	34486 	22065 	23621 	22091 	20105 	24607 	: 	: 	: 	: 	: 
M,PAS,TOTAL,INTL_IEU27_2020,PAS_CRD,ES_LEBB	227457 	239087 	251312 	256866 	241396 	230307 	164804 	161125 	107482 	116579 	172996 	: 	: 	: 	: 	: 
M,PAS,TOTAL,INTL_IEU27_2020,PAS_CRD,ES_LEBL	2465887 	2496585 	2592337 	2681325 	2502229 	2503798 	2007979 	2036275 	1711665 	1858844 	2235389 	: 	: 	: 	: 	: 
M,PAS,TOTAL,INTL_IEU27_2020,PAS_CRD,ES_LECO	4254 	3070 	2794 	3068 	4287 	4246 	2697 	2520 	841 	2162 	2530 	: 	: 	: 	: 	: 
M,PAS,TOTAL,INTL_IEU27_2020,PAS_CRD,ES_LEGE	170780 	206463 	226574 	236065 	205531 	152606 	26732 	36002 	23999 	29724 	46847 	: 	: 	: 	: 	: 
M,PAS,TOTAL,INTL_IEU27_2020,PAS_CRD,ES_LEGR	6621 	5909 	4046 	4779 	5664 	7153 	581 	1873 	793 	1271 	5327 	: 	: 	: 	: 	: 
M,PAS,TOTAL,INTL_IEU27_2020,PAS_CRD,ES_LEIB	412198 	493577 	600808 	629059 	484485 	312521 	26550 	21363 	13087 	14551 	38380 	: 	: 	: 	: 	: 
M,PAS,TOTAL,INTL_IEU27_2020,PAS_CRD,ES_LEJR	47447 	48743 	44938 	46275 	51258 	49613 	14096 	4171 	1714 	3460 	16684 	: 	: 	: 	: 	: 
M,PAS,TOTAL,INTL_IEU27_2020,PAS_CRD,ES_LEMD	2044665 	2024332 	2099725 	2156363 	2086803 	2124806 	1955744 	1950232 	1783528 	1778698 	2080257 	: 	: 	: 	: 	: 
M,PAS,TOTAL,INTL_IEU27_2020,PAS_CRD,ES_LEMG	1338643 	1324910 	1416593 	1394456 	1319023 	1339333 	938786 	883652 	767788 	831037 	1097928 	: 	: 	: 	: 	: 
M,PAS,TOTAL,INTL_IEU27_2020,PAS_CRD,ES_LEMH	108021 	174926 	228223 	245900 	155035 	84148 	2383 	12 	2 	19 	3320 	: 	: 	: 	: 	: 
M,PAS,TOTAL,INTL_IEU27_2020,PAS_CRD,ES_LEMI	11133 	12997 	18929 	17571 	17275 	13230 	5714 	5107 	5555 	5261 	8956 	: 	: 	: 	: 	: 
M,PAS,TOTAL,INTL_IEU27_2020,PAS_CRD,ES_LEPA	2096063 	2294247 	2538736 	2600609 	2276087 	1947074 	444182 	360827 	266584 	370383 	680804 	: 	: 	: 	: 	: 
M,PAS,TOTAL,INTL_IEU27_2020,PAS_CRD,ES_LEPP	291 	58 	173 	115 	677 	5 	21 	0 	42 	30 	48 	: 	: 	: 	: 	: 
M,PAS,TOTAL,INTL_IEU27_2020,PAS_CRD,ES_LERS	74789 	74159 	78470 	79306 	71962 	55744 	1259 	0 	5 	29 	8804 	: 	: 	: 	: 	: 
M,PAS,TOTAL,INTL_IEU27_2020,PAS_CRD,ES_LESO	72 	329 	75 	51 	79 	113 	24 	31 	6 	19 	9 	: 	: 	: 	: 	: 
M,PAS,TOTAL,INTL_IEU27_2020,PAS_CRD,ES_LEST	30292 	30346 	39265 	40398 	29791 	25278 	9159 	12063 	9640 	9679 	14073 	: 	: 	: 	: 	: 
M,PAS,TOTAL,INTL_IEU27_2020,PAS_CRD,ES_LEVC	618103 	635008 	657869 	692906 	636686 	653130 	517701 	533621 	453607 	469875 	602453 	: 	: 	: 	: 	: 
M,PAS,TOTAL,INTL_IEU27_2020,PAS_CRD,ES_LEVD	4099 	855 	163 	12 	2181 	4790 	879 	778 	138 	209 	246 	: 	: 	: 	: 	: 
M,PAS,TOTAL,INTL_IEU27_2020,PAS_CRD,ES_LEVT	6355 	7175 	7689 	8167 	7318 	8228 	5543 	8538 	7020 	6098 	5933 	: 	: 	: 	: 	: 
M,PAS,TOTAL,INTL_IEU27_2020,PAS_CRD,ES_LEVX	956 	49 	107 	170 	443 	249 	304 	647 	121 	331 	971 	: 	: 	: 	: 	: 
M,PAS,TOTAL,INTL_IEU27_2020,PAS_CRD,ES_LEXJ	31722 	30103 	34015 	35192 	29192 	28115 	9641 	9543 	9382 	8528 	12290 	: 	: 	: 	: 	: 
M,PAS,TOTAL,INTL_IEU27_2020,PAS_CRD,ES_LEZG	26449 	23652 	27367 	29607 	26765 	29094 	20799 	23379 	21595 	19661 	22926 	: 	: 	: 	: 	: 
M,PAS,TOTAL,INTL_IEU27_2020,PAS_CRD,ES_LEZL	353945 	304724 	268767 	276396 	310223 	369180 	366874 	358854 	306275 	349728 	439878 	: 	: 	: 	: 	: 
M,PAS,TOTAL,INTL_IEU27_2020,PAS_CRD,FI_EFHK	961653 	1020127 	1005175 	962040 	927998 	953520 	732074 	735509 	644307 	655505 	766283 	879911 	988566 	1056026 	1081732 	: 
M,PAS,TOTAL,INTL_IEU27_2020,PAS_CRD,FI_EFIV	0 	1 	0 	66 	0 	0 	823 	5448 	12283 	12619 	7340 	28 	0 	0 	0 	: 
M,PAS,TOTAL,INTL_IEU27_2020,PAS_CRD,FI_EFJO	314 	19 	29 	19 	190 	1153 	19 	0 	0 	28 	531 	206 	870 	5 	29 	: 
M,PAS,TOTAL,INTL_IEU27_2020,PAS_CRD,FI_EFJY	224 	173 	8 	0 	390 	1474 	0 	3 	0 	8 	0 	452 	170 	4 	9 	: 
M,PAS,TOTAL,INTL_IEU27_2020,PAS_CRD,FI_EFKE	592 	0 	0 	0 	0 	936 	0 	879 	2444 	1120 	2315 	0 	666 	15 	0 	: 
M,PAS,TOTAL,INTL_IEU27_2020,PAS_CRD,FI_EFKI	308 	0 	0 	0 	320 	0 	0 	0 	166 	428 	75 	367 	425 	143 	0 	: 
M,PAS,TOTAL,INTL_IEU27_2020,PAS_CRD,FI_EFKK	588 	9 	9 	8 	211 	1708 	0 	55 	93 	115 	154 	126 	1127 	232 	96 	: 
M,PAS,TOTAL,INTL_IEU27_2020,PAS_CRD,FI_EFKS	0 	0 	0 	0 	281 	0 	487 	13693 	11392 	12489 	6888 	0 	0 	0 	0 	: 
M,PAS,TOTAL,INTL_IEU27_2020,PAS_CRD,FI_EFKT	93 	393 	377 	586 	507 	387 	5916 	40998 	35754 	46543 	28285 	1408 	2 	0 	3 	: 
M,PAS,TOTAL,INTL_IEU27_2020,PAS_CRD,FI_EFKU	3255 	1445 	67 	1437 	1727 	2785 	1368 	2422 	1571 	1665 	1669 	603 	1394 	2509 	164 	: 
M,PAS,TOTAL,INTL_IEU27_2020,PAS_CRD,FI_EFMA	2369 	1943 	1285 	2022 	2459 	2714 	1929 	1207 	1311 	1427 	1833 	1928 	2596 	1862 	1280 	: 
M,PAS,TOTAL,INTL_IEU27_2020,PAS_CRD,FI_EFOU	5498 	3493 	3261 	4098 	5121 	5480 	1391 	2550 	1917 	1764 	2076 	4871 	8496 	7738 	6914 	: 
M,PAS,TOTAL,INTL_IEU27_2020,PAS_CRD,FI_EFPO	446 	0 	12 	124 	320 	1874 	20 	8 	16 	19 	0 	284 	584 	46 	0 	: 
M,PAS,TOTAL,INTL_IEU27_2020,PAS_CRD,FI_EFRO	3719 	3391 	4108 	3732 	3379 	6440 	30903 	110996 	96327 	81143 	47822 	2748 	3654 	3255 	3381 	: 
M,PAS,TOTAL,INTL_IEU27_2020,PAS_CRD,FI_EFSA	0 	66 	144 	105 	0 	348 	28 	0 	0 	0 	0 	0 	0 	0 	131 	: 
M,PAS,TOTAL,INTL_IEU27_2020,PAS_CRD,FI_EFTP	10972 	13876 	16348 	10796 	11666 	12296 	11510 	12385 	8563 	8871 	10227 	11599 	13602 	12788 	14344 	: 
M,PAS,TOTAL,INTL_IEU27_2020,PAS_CRD,FI_EFTU	22512 	25288 	20761 	22076 	22887 	28663 	25221 	33418 	26953 	25743 	28900 	32136 	33124 	31974 	27452 	: 
M,PAS,TOTAL,INTL_IEU27_2020,PAS_CRD,FI_EFVA	6168 	5696 	6369 	5818 	5846 	6789 	4793 	4773 	4285 	4410 	5469 	5533 	6515 	5419 	4545 	: 
M,PAS,TOTAL,INTL_IEU27_2020,PAS_CRD,FR_FMCZ	0 	0 	0 	0 	0 	0 	0 	0 	0 	0 	: 	: 	: 	: 	: 	: 
M,PAS,TOTAL,INTL_IEU27_2020,PAS_CRD,FR_FMEE	0 	0 	0 	0 	0 	0 	0 	0 	0 	0 	: 	: 	: 	: 	: 	: 
M,PAS,TOTAL,INTL_IEU27_2020,PAS_CRD,FR_LFBD	213111 	224560 	239572 	252298 	210145 	211122 	146517 	157842 	112576 	137836 	: 	: 	: 	: 	: 	: 
M,PAS,TOTAL,INTL_IEU27_2020,PAS_CRD,FR_LFBE	4680 	7611 	9038 	10103 	6930 	3029 	1794 	1956 	302 	0 	: 	: 	: 	: 	: 	: 
M,PAS,TOTAL,INTL_IEU27_2020,PAS_CRD,FR_LFBH	9180 	15861 	16423 	17520 	13983 	8460 	376 	22 	1030 	5 	: 	: 	: 	: 	: 	: 
M,PAS,TOTAL,INTL_IEU27_2020,PAS_CRD,FR_LFBL	538 	506 	0 	0 	349 	5 	4 	6 	1 	4 	: 	: 	: 	: 	: 	: 
M,PAS,TOTAL,INTL_IEU27_2020,PAS_CRD,FR_LFBO	263642 	252145 	260097 	266174 	243418 	247610 	174692 	178010 	145057 	153644 	: 	: 	: 	: 	: 	: 
M,PAS,TOTAL,INTL_IEU27_2020,PAS_CRD,FR_LFBP	6 	16 	147 	168 	483 	150 	5 	98 	74 	14 	: 	: 	: 	: 	: 	: 
M,PAS,TOTAL,INTL_IEU27_2020,PAS_CRD,FR_LFBT	41946 	33542 	33368 	35979 	45172 	33675 	5090 	4793 	3838 	8768 	: 	: 	: 	: 	: 	: 
M,PAS,TOTAL,INTL_IEU27_2020,PAS_CRD,FR_LFBZ	20692 	20680 	31906 	29014 	19276 	16910 	2699 	3947 	3208 	2497 	: 	: 	: 	: 	: 	: 
M,PAS,TOTAL,INTL_IEU27_2020,PAS_CRD,FR_LFKB	20446 	26122 	29279 	36365 	28352 	16640 	1501 	1708 	570 	587 	: 	: 	: 	: 	: 	: 
M,PAS,TOTAL,INTL_IEU27_2020,PAS_CRD,FR_LFKC	3611 	6642 	7533 	9405 	6124 	1535 	18 	0 	3 	8 	: 	: 	: 	: 	: 	: 
M,PAS,TOTAL,INTL_IEU27_2020,PAS_CRD,FR_LFKF	9067 	10314 	17959 	19006 	11282 	5672 	22 	17 	9 	16 	: 	: 	: 	: 	: 	: 
M,PAS,TOTAL,INTL_IEU27_2020,PAS_CRD,FR_LFKJ	7675 	8250 	10219 	10910 	7904 	3286 	1559 	2041 	984 	1020 	: 	: 	: 	: 	: 	: 
M,PAS,TOTAL,INTL_IEU27_2020,PAS_CRD,FR_LFLB	23 	40 	179 	32 	38 	30 	55 	741 	881 	969 	: 	: 	: 	: 	: 	: 
M,PAS,TOTAL,INTL_IEU27_2020,PAS_CRD,FR_LFLC	6510 	5388 	3737 	3249 	3913 	5035 	3783 	3548 	3823 	3338 	: 	: 	: 	: 	: 	: 
M,PAS,TOTAL,INTL_IEU27_2020,PAS_CRD,FR_LFLL	441609 	430576 	433545 	459135 	410333 	424390 	268153 	295521 	247424 	278416 	: 	: 	: 	: 	: 	: 
M,PAS,TOTAL,INTL_IEU27_2020,PAS_CRD,FR_LFLS	15 	27 	38 	772 	45 	69 	315 	1822 	7087 	5805 	: 	: 	: 	: 	: 	: 
M,PAS,TOTAL,INTL_IEU27_2020,PAS_CRD,FR_LFMK	13008 	17989 	18614 	20063 	16903 	9551 	3 	3 	0 	6 	: 	: 	: 	: 	: 	: 
M,PAS,TOTAL,INTL_IEU27_2020,PAS_CRD,FR_LFML	437281 	432029 	462889 	496650 	398511 	389845 	233282 	239131 	189835 	215460 	: 	: 	: 	: 	: 	: 
M,PAS,TOTAL,INTL_IEU27_2020,PAS_CRD,FR_LFMN	579507 	621281 	743791 	753748 	609500 	528679 	281639 	287532 	236674 	259272 	: 	: 	: 	: 	: 	: 
M,PAS,TOTAL,INTL_IEU27_2020,PAS_CRD,FR_LFMP	7614 	11139 	11480 	12159 	7054 	5114 	2948 	3636 	3146 	2626 	: 	: 	: 	: 	: 	: 
M,PAS,TOTAL,INTL_IEU27_2020,PAS_CRD,FR_LFMT	29120 	29859 	33042 	31544 	28877 	23243 	10531 	8988 	4420 	5709 	: 	: 	: 	: 	: 	: 
M,PAS,TOTAL,INTL_IEU27_2020,PAS_CRD,FR_LFMU	14510 	15462 	17392 	16948 	15190 	10469 	2535 	3273 	2676 	2491 	: 	: 	: 	: 	: 	: 
M,PAS,TOTAL,INTL_IEU27_2020,PAS_CRD,FR_LFOB	501305 	482019 	489826 	515363 	440343 	452970 	307627 	323606 	274309 	299162 	: 	: 	: 	: 	: 	: 
M,PAS,TOTAL,INTL_IEU27_2020,PAS_CRD,FR_LFOK	3564 	2840 	2785 	3108 	2891 	4178 	1703 	896 	1600 	1606 	: 	: 	: 	: 	: 	: 
M,PAS,TOTAL,INTL_IEU27_2020,PAS_CRD,FR_LFOT	5815 	4937 	5313 	5104 	4378 	5271 	2967 	3736 	3599 	3328 	: 	: 	: 	: 	: 	: 
M,PAS,TOTAL,INTL_IEU27_2020,PAS_CRD,FR_LFPG	1914701 	1950726 	1990778 	2023636 	1873298 	1847752 	1556974 	1624144 	1405036 	1406980 	: 	: 	: 	: 	: 	: 
M,PAS,TOTAL,INTL_IEU27_2020,PAS_CRD,FR_LFPO	1635411 	1646117 	1620173 	1639642 	1606952 	1577071 	1096012 	1154329 	1030503 	1075824 	: 	: 	: 	: 	: 	: 
M,PAS,TOTAL,INTL_IEU27_2020,PAS_CRD,FR_LFQQ	47175 	46956 	48824 	52624 	45426 	37428 	11476 	10963 	9635 	9225 	: 	: 	: 	: 	: 	: 
M,PAS,TOTAL,INTL_IEU27_2020,PAS_CRD,FR_LFRB	25927 	24719 	24090 	26146 	23674 	22247 	3895 	4711 	4580 	5832 	: 	: 	: 	: 	: 	: 
M,PAS,TOTAL,INTL_IEU27_2020,PAS_CRD,FR_LFRK	1266 	93 	467 	509 	357 	118 	37 	6 	12 	8 	: 	: 	: 	: 	: 	: 
M,PAS,TOTAL,INTL_IEU27_2020,PAS_CRD,FR_LFRN	8258 	6407 	11437 	10465 	5509 	5461 	6479 	6643 	1982 	4702 	: 	: 	: 	: 	: 	: 
M,PAS,TOTAL,INTL_IEU27_2020,PAS_CRD,FR_LFRS	365305 	351121 	358497 	378507 	335171 	337538 	156796 	173934 	126871 	157903 	: 	: 	: 	: 	: 	: 
M,PAS,TOTAL,INTL_IEU27_2020,PAS_CRD,FR_LFRZ	0 	36 	16 	0 	33 	91 	4 	0 	9 	0 	: 	: 	: 	: 	: 	: 
M,PAS,TOTAL,INTL_IEU27_2020,PAS_CRD,FR_LFSB	57 	0 	0 	1873 	0 	7302 	22958 	3289 	0 	0 	: 	: 	: 	: 	: 	: 
M,PAS,TOTAL,INTL_IEU27_2020,PAS_CRD,FR_LFST	24176 	27396 	28457 	27268 	28917 	29851 	17159 	39200 	19080 	17226 	: 	: 	: 	: 	: 	: 
M,PAS,TOTAL,INTL_IEU27_2020,PAS_CRD,FR_LFTH	3655 	3820 	5254 	4966 	3278 	910 	128 	68 	839 	79 	: 	: 	: 	: 	: 	: 
M,PAS,TOTAL,INTL_IEU27_2020,PAS_CRD,FR_LFTW	14732 	14522 	15140 	15065 	12269 	11674 	3438 	5591 	3695 	3852 	: 	: 	: 	: 	: 	: 
M,PAS,TOTAL,INTL_IEU27_2020,PAS_CRD,FR_SOCA	0 	0 	0 	0 	0 	0 	0 	0 	0 	0 	: 	: 	: 	: 	: 	: 
M,PAS,TOTAL,INTL_IEU27_2020,PAS_CRD,FR_TFFF	0 	0 	0 	0 	0 	0 	3530 	6096 	9374 	8197 	: 	: 	: 	: 	: 	: 
M,PAS,TOTAL,INTL_IEU27_2020,PAS_CRD,FR_TFFG	0 	0 	0 	0 	0 	0 	0 	0 	0 	0 	: 	: 	: 	: 	: 	: 
M,PAS,TOTAL,INTL_IEU27_2020,PAS_CRD,FR_TFFR	0 	0 	0 	0 	0 	0 	0 	0 	0 	0 	: 	: 	: 	: 	: 	: 
M,PAS,TOTAL,INTL_IEU27_2020,PAS_CRD,HR_LDDU	224909 	265631 	335099 	344109 	265160 	178408 	19110 	10740 	7070 	5881 	26060 	168120 	234319 	277616 	344902 	: 
M,PAS,TOTAL,INTL_IEU27_2020,PAS_CRD,HR_LDPL	24654 	52462 	78906 	71054 	49295 	16803 	42 	0 	0 	0 	471 	5489 	14282 	53784 	88303 	: 
M,PAS,TOTAL,INTL_IEU27_2020,PAS_CRD,HR_LDRI	8621 	25760 	33136 	34237 	24783 	4392 	798 	473 	261 	967 	689 	641 	8122 	28054 	38761 	: 
M,PAS,TOTAL,INTL_IEU27_2020,PAS_CRD,HR_LDSP	276776 	395986 	532927 	531077 	392822 	234967 	36363 	26871 	20917 	18989 	37886 	151474 	267151 	370556 	516063 	: 
M,PAS,TOTAL,INTL_IEU27_2020,PAS_CRD,HR_LDZA	299159 	287587 	302616 	315920 	308587 	311163 	222363 	220964 	185860 	180037 	230253 	290655 	312120 	301337 	307975 	: 
M,PAS,TOTAL,INTL_IEU27_2020,PAS_CRD,HR_LDZD	156083 	259577 	300502 	314755 	222379 	96201 	928 	647 	291 	0 	5790 	88104 	173364 	268871 	317949 	: 
M,PAS,TOTAL,INTL_IEU27_2020,PAS_CRD,HU_LHBP	1102488 	1150802 	1221938 	1241263 	1167292 	1171937 	980898 	1029696 	829258 	849217 	1019570 	1173053 	1255517 	1297588 	: 	: 
M,PAS,TOTAL,INTL_IEU27_2020,PAS_CRD,HU_LHDC	8951 	10462 	12072 	11469 	10335 	7874 	5255 	3880 	5448 	5942 	6969 	8938 	11719 	15598 	: 	: 
M,PAS,TOTAL,INTL_IEU27_2020,PAS_CRD,IE_EICK	196968 	218480 	229179 	220000 	192535 	172323 	94219 	95674 	93414 	93414 	122691 	160842 	183958 	: 	: 	: 
M,PAS,TOTAL,INTL_IEU27_2020,PAS_CRD,IE_EIDW	1803985 	1885515 	1986087 	1954523 	1764719 	1687300 	1258276 	1286669 	1225411 	1185485 	1487013 	1612059 	1814754 	: 	: 	: 
M,PAS,TOTAL,INTL_IEU27_2020,PAS_CRD,IE_EIKN	24971 	29169 	31117 	29947 	27899 	20840 	6288 	4546 	5136 	4851 	10413 	21167 	32420 	: 	: 	: 
M,PAS,TOTAL,INTL_IEU27_2020,PAS_CRD,IE_EIKY	10455 	13330 	15320 	15546 	10662 	9569 	2003 	2616 	1822 	1741 	3665 	10786 	12122 	: 	: 	: 
M,PAS,TOTAL,INTL_IEU27_2020,PAS_CRD,IE_EINN	95330 	105746 	109224 	106545 	98165 	91183 	52492 	58066 	59049 	53616 	71851 	108793 	122807 	: 	: 	: 
M,PAS,TOTAL,INTL_IEU27_2020,PAS_CRD,IT_LIBC	2765 	2970 	2787 	2605 	2953 	2717 	1627 	1915 	1725 	1668 	1979 	2740 	2652 	: 	: 	: 
M,PAS,TOTAL,INTL_IEU27_2020,PAS_CRD,IT_LIBD	352048 	376439 	452541 	483204 	402040 	363916 	207436 	225254 	158616 	182432 	240881 	375533 	442192 	: 	: 	: 
M,PAS,TOTAL,INTL_IEU27_2020,PAS_CRD,IT_LIBP	41449 	53617 	58422 	63376 	54564 	52539 	26179 	31001 	24906 	25610 	33674 	59249 	61784 	: 	: 	: 
M,PAS,TOTAL,INTL_IEU27_2020,PAS_CRD,IT_LIBR	57508 	66776 	71257 	75599 	68815 	52688 	11865 	8602 	8862 	8959 	16802 	70576 	87287 	: 	: 	: 
M,PAS,TOTAL,INTL_IEU27_2020,PAS_CRD,IT_LICA	72462 	105027 	117792 	120739 	111151 	70660 	23547 	34542 	24208 	24748 	34302 	79258 	111454 	: 	: 	: 
M,PAS,TOTAL,INTL_IEU27_2020,PAS_CRD,IT_LICB	2298 	2348 	5449 	7230 	4482 	225 	0 	0 	0 	0 	0 	1618 	2727 	: 	: 	: 
M,PAS,TOTAL,INTL_IEU27_2020,PAS_CRD,IT_LICC	363268 	365165 	414998 	447090 	401731 	378350 	218188 	216626 	155104 	188133 	249147 	359208 	410904 	: 	: 	: 
M,PAS,TOTAL,INTL_IEU27_2020,PAS_CRD,IT_LICD	0 	0 	0 	0 	0 	4 	0 	0 	0 	0 	0 	0 	0 	: 	: 	: 
M,PAS,TOTAL,INTL_IEU27_2020,PAS_CRD,IT_LICG	6 	9 	9 	1 	5 	8 	0 	0 	0 	0 	0 	0 	14 	: 	: 	: 
M,PAS,TOTAL,INTL_IEU27_2020,PAS_CRD,IT_LICJ	245587 	253976 	309486 	323832 	260811 	240892 	112663 	132720 	102784 	115868 	167715 	274609 	313139 	: 	: 	: 
M,PAS,TOTAL,INTL_IEU27_2020,PAS_CRD,IT_LICR	19776 	19983 	20315 	22026 	19549 	17235 	12005 	12109 	10155 	10468 	12179 	13742 	14262 	: 	: 	: 
M,PAS,TOTAL,INTL_IEU27_2020,PAS_CRD,IT_LICT	28672 	28664 	29702 	30935 	28496 	27987 	4142 	3936 	8358 	11165 	15102 	38543 	42679 	: 	: 	: 
M,PAS,TOTAL,INTL_IEU27_2020,PAS_CRD,IT_LIEA	53437 	70416 	83004 	88458 	76767 	55870 	996 	191 	3 	148 	6005 	64737 	76810 	: 	: 	: 
M,PAS,TOTAL,INTL_IEU27_2020,PAS_CRD,IT_LIEE	131278 	145997 	178145 	186146 	149998 	126534 	38552 	41204 	28776 	33908 	46105 	107145 	137373 	: 	: 	: 
M,PAS,TOTAL,INTL_IEU27_2020,PAS_CRD,IT_LIEO	155531 	233825 	298866 	308367 	234252 	156190 	10318 	6388 	5872 	5918 	13786 	104257 	194225 	: 	: 	: 
M,PAS,TOTAL,INTL_IEU27_2020,PAS_CRD,IT_LIMC	1187761 	1278609 	1385919 	1436502 	1298555 	1220034 	932429 	987345 	813158 	899307 	1055154 	962584 	1143102 	: 	: 	: 
M,PAS,TOTAL,INTL_IEU27_2020,PAS_CRD,IT_LIME	927482 	914366 	942797 	959451 	903819 	891550 	701363 	743702 	634516 	677303 	809102 	1000488 	999356 	: 	: 	: 
M,PAS,TOTAL,INTL_IEU27_2020,PAS_CRD,IT_LIMF	154504 	146420 	150300 	155081 	149970 	156226 	139810 	145961 	152416 	151684 	165327 	164589 	162830 	: 	: 	: 
M,PAS,TOTAL,INTL_IEU27_2020,PAS_CRD,IT_LIMJ	63967 	58039 	60491 	62714 	57889 	55034 	28067 	28366 	20431 	23312 	33730 	53104 	55043 	: 	: 	: 
M,PAS,TOTAL,INTL_IEU27_2020,PAS_CRD,IT_LIML	443762 	442184 	454606 	447861 	433217 	458935 	448610 	443419 	400470 	418456 	479145 	553468 	513387 	: 	: 	: 
M,PAS,TOTAL,INTL_IEU27_2020,PAS_CRD,IT_LIMP	784 	386 	197 	250 	73 	69 	52 	44 	19 	0 	0 	0 	0 	: 	: 	: 
M,PAS,TOTAL,INTL_IEU27_2020,PAS_CRD,IT_LIPE	577415 	570836 	583744 	592222 	551449 	555655 	392295 	393890 	332888 	349376 	457021 	579501 	600084 	: 	: 	: 
M,PAS,TOTAL,INTL_IEU27_2020,PAS_CRD,IT_LIPH	224299 	227356 	241395 	246671 	228025 	218725 	182692 	177758 	186583 	176171 	198063 	222869 	231733 	: 	: 	: 
M,PAS,TOTAL,INTL_IEU27_2020,PAS_CRD,IT_LIPO	638 	306 	253 	154 	212 	95 	100 	77 	98 	115 	101 	160 	182 	: 	: 	: 
M,PAS,TOTAL,INTL_IEU27_2020,PAS_CRD,IT_LIPQ	55791 	65066 	68038 	71821 	64070 	61833 	40170 	37166 	28094 	32732 	41411 	52639 	62686 	: 	: 	: 
M,PAS,TOTAL,INTL_IEU27_2020,PAS_CRD,IT_LIPR	21449 	29413 	32770 	34025 	29438 	21274 	933 	48 	200 	25 	1678 	24254 	29975 	: 	: 	: 
M,PAS,TOTAL,INTL_IEU27_2020,PAS_CRD,IT_LIPX	107272 	131277 	145136 	149008 	130314 	87784 	51943 	60369 	67811 	69601 	77678 	79924 	100341 	: 	: 	: 
M,PAS,TOTAL,INTL_IEU27_2020,PAS_CRD,IT_LIPY	22727 	28095 	27302 	30267 	26357 	22153 	14998 	14677 	10752 	11210 	15034 	22443 	25885 	: 	: 	: 
M,PAS,TOTAL,INTL_IEU27_2020,PAS_CRD,IT_LIPZ	582003 	566731 	560458 	573447 	576790 	566606 	394185 	403857 	346005 	388407 	471190 	585167 	645145 	: 	: 	: 
M,PAS,TOTAL,INTL_IEU27_2020,PAS_CRD,IT_LIRA	170962 	153761 	174383 	176431 	168858 	180959 	178047 	179556 	186965 	177881 	194951 	164484 	168316 	: 	: 	: 
M,PAS,TOTAL,INTL_IEU27_2020,PAS_CRD,IT_LIRF	2047970 	2052840 	2121793 	2295429 	2061454 	2085213 	1606054 	1634924 	1418816 	1456688 	1807042 	2051754 	2146330 	: 	: 	: 
M,PAS,TOTAL,INTL_IEU27_2020,PAS_CRD,IT_LIRI	: 	: 	: 	: 	: 	: 	: 	: 	2408 	1893 	2678 	6197 	5912 	: 	: 	: 
M,PAS,TOTAL,INTL_IEU27_2020,PAS_CRD,IT_LIRN	663112 	686300 	804774 	835748 	696978 	637597 	390296 	421250 	339522 	354447 	461810 	657250 	717870 	: 	: 	: 
M,PAS,TOTAL,INTL_IEU27_2020,PAS_CRD,IT_LIRP	282630 	302778 	330443 	333131 	295888 	272383 	152919 	159667 	124995 	142918 	177532 	269661 	303485 	: 	: 	: 
M,PAS,TOTAL,INTL_IEU27_2020,PAS_CRD,IT_LIRQ	276445 	269525 	258308 	259900 	277054 	265052 	185982 	165232 	148465 	152403 	203356 	274026 	283614 	: 	: 	: 
M,PAS,TOTAL,INTL_IEU27_2020,PAS_CRD,IT_LIRZ	22872 	22265 	26698 	26299 	24271 	18437 	1623 	220 	56 	37 	1902 	22951 	23928 	: 	: 	: 
M,PAS,TOTAL,INTL_IEU27_2020,PAS_CRD,LT_EYKA	89514 	94722 	97859 	99376 	87763 	94515 	66968 	67136 	62632 	63243 	78336 	97939 	102391 	106530 	111708 	114664 
M,PAS,TOTAL,INTL_IEU27_2020,PAS_CRD,LT_EYPA	19324 	21245 	26002 	25034 	21605 	21036 	19226 	18495 	17837 	17408 	19874 	17436 	17677 	18072 	21294 	21922 
M,PAS,TOTAL,INTL_IEU27_2020,PAS_CRD,LT_EYSA	0 	4 	0 	9 	0 	0 	10 	0 	0 	0 	0 	0 	0 	4 	0 	0 
M,PAS,TOTAL,INTL_IEU27_2020,PAS_CRD,LT_EYVI	313718 	323300 	330130 	345522 	327056 	308921 	246720 	275597 	242767 	238215 	280956 	329091 	376763 	384177 	380564 	394647 
M,PAS,TOTAL,INTL_IEU27_2020,PAS_CRD,LU_ELLX	391975 	390166 	401529 	420844 	396160 	389737 	302647 	305364 	227440 	262999 	322960 	372449 	416601 	406982 	420803 	433585 
M,PAS,TOTAL,INTL_IEU27_2020,PAS_CRD,LV_EVRA	461555 	482679 	523047 	511258 	454747 	472260 	383516 	397099 	308346 	300591 	391649 	428117 	458139 	485626 	: 	: 
M,PAS,TOTAL,INTL_IEU27_2020,PAS_CRD,MT_LMML	646555 	640680 	729716 	760354 	676811 	679000 	520019 	512451 	434394 	479735 	589887 	720769 	760220 	762692 	: 	: 
M,PAS,TOTAL,INTL_IEU27_2020,PAS_CRD,NL_EHAM	3129429 	3095030 	3327367 	3321481 	3118486 	3084780 	2424821 	2363940 	1893077 	2082794 	2602972 	3053561 	3272533 	: 	: 	: 
M,PAS,TOTAL,INTL_IEU27_2020,PAS_CRD,NL_EHBK	19438 	21499 	19288 	20564 	13369 	12073 	3021 	1010 	2395 	1326 	2255 	10755 	11278 	: 	: 	: 
M,PAS,TOTAL,INTL_IEU27_2020,PAS_CRD,NL_EHEH	594390 	574386 	563262 	585882 	576065 	560299 	395445 	371511 	371817 	366143 	435933 	550445 	618728 	: 	: 	: 
M,PAS,TOTAL,INTL_IEU27_2020,PAS_CRD,NL_EHGG	6888 	7892 	11145 	13743 	7487 	6478 	2530 	3890 	4483 	3783 	3689 	3667 	6483 	: 	: 	: 
M,PAS,TOTAL,INTL_IEU27_2020,PAS_CRD,NL_EHRD	192891 	191773 	201973 	211528 	199274 	153398 	80287 	89534 	90804 	97252 	127511 	154217 	201606 	: 	: 	: 
M,PAS,TOTAL,INTL_IEU27_2020,PAS_CRD,PL_EPBY	8720 	13975 	14824 	15243 	13520 	8693 	10661 	8131 	7792 	7842 	8658 	6888 	: 	: 	: 	: 
M,PAS,TOTAL,INTL_IEU27_2020,PAS_CRD,PL_EPGD	353955 	394348 	444042 	449853 	399338 	370393 	297518 	299482 	267531 	264410 	309013 	365430 	: 	: 	: 	: 
M,PAS,TOTAL,INTL_IEU27_2020,PAS_CRD,PL_EPKK	736166 	760814 	815617 	832482 	770553 	756752 	651060 	650052 	550526 	609837 	709492 	815850 	: 	: 	: 	: 
M,PAS,TOTAL,INTL_IEU27_2020,PAS_CRD,PL_EPKT	347810 	448769 	509397 	519744 	464507 	324416 	197514 	190873 	164787 	180384 	197090 	311409 	: 	: 	: 	: 
M,PAS,TOTAL,INTL_IEU27_2020,PAS_CRD,PL_EPLB	14216 	17467 	20476 	21830 	17432 	9578 	5954 	6543 	5866 	5555 	6237 	12535 	: 	: 	: 	: 
M,PAS,TOTAL,INTL_IEU27_2020,PAS_CRD,PL_EPLL	21828 	26769 	28931 	28812 	26407 	21102 	15427 	16553 	13795 	15308 	17505 	21869 	: 	: 	: 	: 
M,PAS,TOTAL,INTL_IEU27_2020,PAS_CRD,PL_EPMO	136245 	126617 	134258 	135855 	128406 	130798 	130413 	186744 	186335 	189387 	227014 	323788 	: 	: 	: 	: 
M,PAS,TOTAL,INTL_IEU27_2020,PAS_CRD,PL_EPPO	240469 	280811 	302779 	313044 	275906 	210417 	134946 	125472 	114187 	110554 	130013 	185357 	: 	: 	: 	: 
M,PAS,TOTAL,INTL_IEU27_2020,PAS_CRD,PL_EPRZ	39932 	47692 	50071 	51852 	42497 	31166 	21942 	20250 	16335 	17606 	20308 	19458 	: 	: 	: 	: 
M,PAS,TOTAL,INTL_IEU27_2020,PAS_CRD,PL_EPSC	3583 	3043 	3440 	3682 	3059 	3056 	3924 	4109 	3493 	3549 	3531 	3180 	: 	: 	: 	: 
M,PAS,TOTAL,INTL_IEU27_2020,PAS_CRD,PL_EPSY	2937 	2936 	3081 	3104 	2111 	3013 	4481 	4836 	4154 	3731 	4314 	6431 	: 	: 	: 	: 
M,PAS,TOTAL,INTL_IEU27_2020,PAS_CRD,PL_EPWA	1217921 	1310587 	1382216 	1412530 	1328970 	1221299 	1001366 	975974 	930006 	935819 	1067654 	1205268 	: 	: 	: 	: 
M,PAS,TOTAL,INTL_IEU27_2020,PAS_CRD,PL_EPWR	294350 	337824 	377215 	404459 	375775 	256354 	0 	195779 	186594 	202724 	235098 	307838 	: 	: 	: 	: 
M,PAS,TOTAL,INTL_IEU27_2020,PAS_CRD,PT_LPAZ	0 	14 	2 	4 	11 	0 	3 	15 	12 	9 	: 	: 	: 	: 	: 	: 
M,PAS,TOTAL,INTL_IEU27_2020,PAS_CRD,PT_LPBG	3 	0 	12 	4 	0 	1 	6 	6 	3 	2 	: 	: 	: 	: 	: 	: 
M,PAS,TOTAL,INTL_IEU27_2020,PAS_CRD,PT_LPBJ	217 	87 	85 	481 	98 	207 	128 	47 	26 	2 	: 	: 	: 	: 	: 	: 
M,PAS,TOTAL,INTL_IEU27_2020,PAS_CRD,PT_LPCR	0 	0 	0 	0 	0 	0 	0 	0 	0 	0 	: 	: 	: 	: 	: 	: 
M,PAS,TOTAL,INTL_IEU27_2020,PAS_CRD,PT_LPCS	545 	821 	998 	797 	924 	596 	392 	280 	196 	211 	: 	: 	: 	: 	: 	: 
M,PAS,TOTAL,INTL_IEU27_2020,PAS_CRD,PT_LPFL	0 	0 	0 	0 	0 	0 	0 	0 	0 	0 	: 	: 	: 	: 	: 	: 
M,PAS,TOTAL,INTL_IEU27_2020,PAS_CRD,PT_LPFR	534243 	559252 	627886 	609795 	560848 	522754 	214105 	178603 	152101 	170687 	: 	: 	: 	: 	: 	: 
M,PAS,TOTAL,INTL_IEU27_2020,PAS_CRD,PT_LPGR	0 	0 	0 	0 	0 	0 	0 	0 	0 	0 	: 	: 	: 	: 	: 	: 
M,PAS,TOTAL,INTL_IEU27_2020,PAS_CRD,PT_LPHR	0 	0 	5 	0 	4 	0 	0 	0 	0 	0 	: 	: 	: 	: 	: 	: 
M,PAS,TOTAL,INTL_IEU27_2020,PAS_CRD,PT_LPLA	0 	1 	284 	309 	4 	11 	529 	1 	2 	3 	: 	: 	: 	: 	: 	: 
M,PAS,TOTAL,INTL_IEU27_2020,PAS_CRD,PT_LPMA	197127 	189274 	216797 	227114 	195420 	193567 	162757 	142151 	137496 	146512 	: 	: 	: 	: 	: 	: 
M,PAS,TOTAL,INTL_IEU27_2020,PAS_CRD,PT_LPPD	25939 	35279 	41433 	45268 	35327 	18529 	2066 	2154 	1661 	1566 	: 	: 	: 	: 	: 	: 
M,PAS,TOTAL,INTL_IEU27_2020,PAS_CRD,PT_LPPI	0 	0 	0 	1 	0 	0 	0 	0 	0 	0 	: 	: 	: 	: 	: 	: 
M,PAS,TOTAL,INTL_IEU27_2020,PAS_CRD,PT_LPPM	0 	0 	0 	0 	0 	0 	0 	0 	0 	0 	: 	: 	: 	: 	: 	: 
M,PAS,TOTAL,INTL_IEU27_2020,PAS_CRD,PT_LPPR	1004065 	1015135 	1032521 	1086270 	1010873 	1004050 	753116 	790915 	646515 	689641 	: 	: 	: 	: 	: 	: 
M,PAS,TOTAL,INTL_IEU27_2020,PAS_CRD,PT_LPPS	1808 	2502 	3078 	2432 	2040 	3020 	2822 	1507 	1077 	2469 	: 	: 	: 	: 	: 	: 
M,PAS,TOTAL,INTL_IEU27_2020,PAS_CRD,PT_LPPT	1648764 	1611719 	1668074 	1712427 	1645341 	1662459 	1355245 	1299041 	1197563 	1217755 	: 	: 	: 	: 	: 	: 
M,PAS,TOTAL,INTL_IEU27_2020,PAS_CRD,PT_LPSJ	0 	0 	0 	0 	0 	20 	0 	0 	0 	0 	: 	: 	: 	: 	: 	: 
M,PAS,TOTAL,INTL_IEU27_2020,PAS_CRD,PT_LPVR	0 	0 	0 	0 	0 	0 	0 	0 	0 	0 	: 	: 	: 	: 	: 	: 
M,PAS,TOTAL,INTL_IEU27_2020,PAS_CRD,PT_LPVZ	0 	0 	0 	0 	0 	0 	0 	0 	0 	0 	: 	: 	: 	: 	: 	: 
M,PAS,TOTAL,INTL_IEU27_2020,PAS_CRD,RO_LRBC	19468 	22070 	26608 	27672 	22721 	17617 	12206 	19228 	16514 	12428 	11763 	: 	: 	: 	: 	: 
M,PAS,TOTAL,INTL_IEU27_2020,PAS_CRD,RO_LRBV	: 	: 	: 	: 	: 	: 	: 	: 	23446 	27478 	31318 	: 	: 	: 	: 	: 
M,PAS,TOTAL,INTL_IEU27_2020,PAS_CRD,RO_LRCL	209843 	228384 	251616 	265978 	243484 	225405 	173668 	179185 	147979 	153055 	179455 	: 	: 	: 	: 	: 
M,PAS,TOTAL,INTL_IEU27_2020,PAS_CRD,RO_LRCV	17875 	38297 	45985 	48322 	39096 	36277 	31581 	33214 	31778 	33102 	40541 	: 	: 	: 	: 	: 
M,PAS,TOTAL,INTL_IEU27_2020,PAS_CRD,RO_LRIA	147182 	153247 	160359 	165586 	150677 	142688 	113125 	116829 	102025 	94355 	111521 	: 	: 	: 	: 	: 
M,PAS,TOTAL,INTL_IEU27_2020,PAS_CRD,RO_LROD	1861 	7079 	11061 	10703 	7836 	2996 	2491 	2924 	2197 	2479 	2797 	: 	: 	: 	: 	: 
M,PAS,TOTAL,INTL_IEU27_2020,PAS_CRD,RO_LROP	935341 	1008881 	1120234 	1215550 	1119027 	1019164 	743857 	788564 	665806 	638980 	778173 	: 	: 	: 	: 	: 
M,PAS,TOTAL,INTL_IEU27_2020,PAS_CRD,RO_LRSB	36583 	40196 	45635 	76609 	65197 	59557 	42880 	47313 	38654 	33952 	41315 	: 	: 	: 	: 	: 
M,PAS,TOTAL,INTL_IEU27_2020,PAS_CRD,RO_LRSM	0 	0 	0 	0 	0 	0 	0 	0 	: 	: 	: 	: 	: 	: 	: 	: 
M,PAS,TOTAL,INTL_IEU27_2020,PAS_CRD,RO_LRSV	27812 	31607 	34358 	39950 	32372 	34465 	27947 	44322 	50308 	43767 	47991 	: 	: 	: 	: 	: 
M,PAS,TOTAL,INTL_IEU27_2020,PAS_CRD,RO_LRTM	9156 	9984 	11291 	12700 	11535 	11280 	8227 	10707 	7762 	7238 	9839 	: 	: 	: 	: 	: 
M,PAS,TOTAL,INTL_IEU27_2020,PAS_CRD,RO_LRTR	77238 	84344 	99887 	100379 	91720 	90943 	77940 	81627 	65477 	58570 	75559 	: 	: 	: 	: 	: 
M,PAS,TOTAL,INTL_IEU27_2020,PAS_CRD,SE_ESDF	0 	0 	0 	0 	97 	120 	3 	8 	16 	0 	: 	: 	: 	: 	: 	: 
M,PAS,TOTAL,INTL_IEU27_2020,PAS_CRD,SE_ESGG	338192 	394951 	448139 	385343 	375202 	348734 	251376 	246964 	219039 	216671 	: 	: 	: 	: 	: 	: 
M,PAS,TOTAL,INTL_IEU27_2020,PAS_CRD,SE_ESKN	27666 	26796 	31064 	28566 	24308 	26402 	16031 	19972 	17024 	13596 	: 	: 	: 	: 	: 	: 
M,PAS,TOTAL,INTL_IEU27_2020,PAS_CRD,SE_ESMQ	3340 	2824 	233 	1629 	2134 	841 	1809 	1456 	1594 	1474 	: 	: 	: 	: 	: 	: 
M,PAS,TOTAL,INTL_IEU27_2020,PAS_CRD,SE_ESMS	28603 	30083 	32208 	31506 	30563 	19366 	9949 	8803 	8460 	8427 	: 	: 	: 	: 	: 	: 
M,PAS,TOTAL,INTL_IEU27_2020,PAS_CRD,SE_ESMX	11854 	13275 	15693 	15049 	13691 	10783 	4171 	3628 	3484 	3702 	: 	: 	: 	: 	: 	: 
M,PAS,TOTAL,INTL_IEU27_2020,PAS_CRD,SE_ESNN	1398 	2347 	13 	2323 	2346 	349 	0 	0 	0 	6 	: 	: 	: 	: 	: 	: 
M,PAS,TOTAL,INTL_IEU27_2020,PAS_CRD,SE_ESNQ	0 	0 	0 	0 	0 	0 	0 	1626 	2465 	3180 	: 	: 	: 	: 	: 	: 
M,PAS,TOTAL,INTL_IEU27_2020,PAS_CRD,SE_ESNS	6240 	6340 	3222 	4813 	3542 	2555 	2558 	3595 	4004 	3438 	: 	: 	: 	: 	: 	: 
M,PAS,TOTAL,INTL_IEU27_2020,PAS_CRD,SE_ESNU	3734 	3389 	1376 	2472 	2630 	1028 	1462 	1495 	1850 	1486 	: 	: 	: 	: 	: 	: 
M,PAS,TOTAL,INTL_IEU27_2020,PAS_CRD,SE_ESNZ	2547 	868 	0 	13 	527 	1776 	1489 	3024 	2485 	3268 	: 	: 	: 	: 	: 	: 
M,PAS,TOTAL,INTL_IEU27_2020,PAS_CRD,SE_ESOE	4007 	4754 	2695 	3748 	4747 	2473 	1664 	1637 	2071 	1548 	: 	: 	: 	: 	: 	: 
M,PAS,TOTAL,INTL_IEU27_2020,PAS_CRD,SE_ESPA	6834 	6392 	2283 	4249 	4407 	534 	1985 	5321 	6745 	6436 	: 	: 	: 	: 	: 	: 
M,PAS,TOTAL,INTL_IEU27_2020,PAS_CRD,SE_ESSA	1320337 	1440247 	1532296 	1440095 	1321134 	1289119 	976586 	988766 	813374 	830005 	: 	: 	: 	: 	: 	: 
M,PAS,TOTAL,INTL_IEU27_2020,PAS_CRD,SE_ESSB	340 	259 	201 	150 	272 	164 	164 	119 	92 	131 	: 	: 	: 	: 	: 	: 
M,PAS,TOTAL,INTL_IEU27_2020,PAS_CRD,SE_ESSV	0 	930 	3069 	923 	2656 	1018 	170 	0 	8 	0 	: 	: 	: 	: 	: 	: 
M,PAS,TOTAL,INTL_IEU27_2020,PAS_CRD,SE_ESTA	16 	94 	113 	102 	104 	35 	208 	47 	28 	19 	: 	: 	: 	: 	: 	: 
M,PAS,TOTAL,INTL_IEU27_2020,PAS_CRD,SI_LJLJ	76234 	81284 	89176 	93946 	88425 	68872 	39679 	40245 	32307 	32068 	44776 	61301 	75017 	87461 	99693 	: 
M,PAS,TOTAL,INTL_IEU27_2020,PAS_CRD,SK_LZIB	88063 	146717 	195267 	195718 	140111 	110524 	95361 	141082 	117252 	124642 	160399 	235776 	253862 	310188 	375987 	376693 
M,PAS,TOTAL,INTL_IEU27_2020,PAS_CRD,SK_LZKZ	26565 	47349 	66758 	64078 	43420 	27363 	23040 	23042 	21657 	19309 	23315 	34926 	39631 	53538 	69833 	67328 
M,PAS,TOTAL,INTL_XEU27_2020,PAS_CRD,AT_LOWG	13144 	18610 	20101 	22658 	17268 	17569 	12312 	13895 	11456 	12136 	12654 	12967 	14123 	17765 	24187 	: 
M,PAS,TOTAL,INTL_XEU27_2020,PAS_CRD,AT_LOWI	6215 	8563 	11488 	12204 	7759 	4534 	3338 	62256 	96103 	87151 	87011 	24286 	4849 	8729 	11475 	: 
M,PAS,TOTAL,INTL_XEU27_2020,PAS_CRD,AT_LOWK	2755 	2772 	2970 	3431 	2533 	2421 	1742 	2775 	1739 	2252 	1686 	2763 	2484 	3936 	4681 	: 
M,PAS,TOTAL,INTL_XEU27_2020,PAS_CRD,AT_LOWL	6607 	9551 	11909 	12688 	10032 	5450 	4596 	4015 	2081 	4044 	3593 	7431 	10234 	7971 	11826 	: 
M,PAS,TOTAL,INTL_XEU27_2020,PAS_CRD,AT_LOWS	35368 	44254 	63487 	70284 	45814 	34005 	33925 	77084 	98290 	91025 	71130 	36619 	37502 	46085 	66975 	: 
M,PAS,TOTAL,INTL_XEU27_2020,PAS_CRD,AT_LOWW	967518 	1007226 	1159606 	1242201 	1109154 	1093348 	895297 	970469 	789467 	733349 	743873 	812622 	866640 	903905 	1098521 	: 
M,PAS,TOTAL,INTL_XEU27_2020,PAS_CRD,BE_EBAW	327 	455 	3162 	4547 	3259 	2460 	118 	88 	72 	103 	: 	: 	: 	: 	: 	: 
M,PAS,TOTAL,INTL_XEU27_2020,PAS_CRD,BE_EBBR	741440 	846281 	1046360 	1065542 	888861 	893379 	685898 	753475 	691735 	669069 	: 	: 	: 	: 	: 	: 
M,PAS,TOTAL,INTL_XEU27_2020,PAS_CRD,BE_EBCI	188402 	172583 	184507 	203805 	182849 	197554 	181673 	198646 	183583 	177497 	: 	: 	: 	: 	: 	: 
M,PAS,TOTAL,INTL_XEU27_2020,PAS_CRD,BE_EBLG	1985 	118 	9028 	8544 	6477 	3971 	2698 	2345 	584 	70 	: 	: 	: 	: 	: 	: 
M,PAS,TOTAL,INTL_XEU27_2020,PAS_CRD,BE_EBOS	3250 	3342 	5155 	6060 	7221 	5848 	2551 	1987 	1358 	1487 	: 	: 	: 	: 	: 	: 
M,PAS,TOTAL,INTL_XEU27_2020,PAS_CRD,BG_LBBG	47660 	84431 	129306 	136020 	99024 	20399 	0 	0 	0 	0 	0 	0 	55969 	100261 	: 	: 
M,PAS,TOTAL,INTL_XEU27_2020,PAS_CRD,BG_LBPD	13077 	13389 	11522 	11160 	14410 	15910 	13678 	18655 	22951 	20239 	20581 	12321 	12086 	15208 	: 	: 
M,PAS,TOTAL,INTL_XEU27_2020,PAS_CRD,BG_LBSF	186521 	170163 	157240 	179728 	200489 	206379 	165166 	189211 	213052 	208958 	161776 	162099 	170646 	173238 	: 	: 
M,PAS,TOTAL,INTL_XEU27_2020,PAS_CRD,BG_LBWN	33339 	42025 	51362 	55865 	53093 	46794 	23657 	24313 	22252 	18295 	17396 	24827 	29450 	43278 	: 	: 
M,PAS,TOTAL,INTL_XEU27_2020,PAS_CRD,CY_LCLK	451235 	494845 	580808 	633577 	530568 	500022 	255693 	233397 	196218 	178173 	150880 	274635 	391586 	474737 	588535 	: 
M,PAS,TOTAL,INTL_XEU27_2020,PAS_CRD,CY_LCPH	198495 	210824 	252857 	290151 	244461 	236395 	113934 	66932 	52505 	54557 	67912 	143035 	210867 	234259 	275349 	: 
M,PAS,TOTAL,INTL_XEU27_2020,PAS_CRD,CZ_LKCS	561 	6354 	9778 	8410 	6609 	1741 	182 	0 	0 	1 	2 	9 	1374 	: 	: 	: 
M,PAS,TOTAL,INTL_XEU27_2020,PAS_CRD,CZ_LKKV	3 	2638 	4587 	4205 	2683 	194 	1 	0 	0 	5 	3 	7 	9 	: 	: 	: 
M,PAS,TOTAL,INTL_XEU27_2020,PAS_CRD,CZ_LKMT	18374 	38597 	45760 	46622 	35268 	18254 	4670 	4164 	2384 	6311 	7540 	10534 	19332 	: 	: 	: 
M,PAS,TOTAL,INTL_XEU27_2020,PAS_CRD,CZ_LKPD	0 	12412 	16793 	15943 	14019 	4621 	381 	0 	0 	0 	0 	0 	2106 	: 	: 	: 
M,PAS,TOTAL,INTL_XEU27_2020,PAS_CRD,CZ_LKPR	594596 	649156 	761937 	767591 	689778 	660669 	562284 	645837 	494219 	496564 	482654 	476141 	569123 	: 	: 	: 
M,PAS,TOTAL,INTL_XEU27_2020,PAS_CRD,CZ_LKTB	25598 	57013 	69427 	68950 	57178 	29349 	10661 	10187 	5707 	13340 	17821 	19051 	30297 	: 	: 	: 
M,PAS,TOTAL,INTL_XEU27_2020,PAS_CRD,DE_EDDB	778187 	772265 	840845 	915669 	893171 	994636 	767510 	810854 	617855 	610985 	656197 	702218 	739216 	: 	: 	: 
M,PAS,TOTAL,INTL_XEU27_2020,PAS_CRD,DE_EDDC	24300 	24495 	30524 	29653 	30536 	50761 	21245 	10654 	4494 	6677 	10133 	15830 	19428 	: 	: 	: 
M,PAS,TOTAL,INTL_XEU27_2020,PAS_CRD,DE_EDDE	22027 	26718 	32643 	38026 	35629 	49862 	13924 	1463 	938 	1336 	3795 	17806 	20664 	: 	: 	: 
M,PAS,TOTAL,INTL_XEU27_2020,PAS_CRD,DE_EDDF	2712855 	2813979 	3095692 	3261539 	2971509 	3030847 	2469736 	2616331 	2328323 	2050474 	2416571 	2335588 	2626773 	: 	: 	: 
M,PAS,TOTAL,INTL_XEU27_2020,PAS_CRD,DE_EDDG	63038 	55416 	69547 	71777 	65750 	80013 	22564 	11935 	9448 	7684 	18123 	50922 	60060 	: 	: 	: 
M,PAS,TOTAL,INTL_XEU27_2020,PAS_CRD,DE_EDDH	394767 	374478 	437794 	459746 	434163 	509189 	363455 	380701 	305696 	303528 	336616 	351665 	372153 	: 	: 	: 
M,PAS,TOTAL,INTL_XEU27_2020,PAS_CRD,DE_EDDK	378364 	384422 	474939 	522103 	432841 	505285 	278508 	299091 	240772 	215111 	260908 	369142 	381003 	: 	: 	: 
M,PAS,TOTAL,INTL_XEU27_2020,PAS_CRD,DE_EDDL	742789 	725029 	873763 	948238 	801949 	898339 	636794 	651000 	560245 	517279 	529292 	681890 	702921 	: 	: 	: 
M,PAS,TOTAL,INTL_XEU27_2020,PAS_CRD,DE_EDDM	1348806 	1452521 	1562295 	1680228 	1563703 	1511933 	1260114 	1345824 	1144879 	1031293 	1165924 	1102169 	1300150 	: 	: 	: 
M,PAS,TOTAL,INTL_XEU27_2020,PAS_CRD,DE_EDDN	135768 	183706 	177054 	225811 	205786 	215897 	142258 	122105 	99556 	87721 	113562 	150783 	163173 	: 	: 	: 
M,PAS,TOTAL,INTL_XEU27_2020,PAS_CRD,DE_EDDP	71505 	74490 	90027 	96326 	95430 	154539 	55198 	33895 	28148 	32628 	47942 	61962 	65805 	: 	: 	: 
M,PAS,TOTAL,INTL_XEU27_2020,PAS_CRD,DE_EDDR	10604 	12317 	13954 	15467 	16354 	17219 	6356 	4567 	1554 	1481 	3458 	10782 	11378 	: 	: 	: 
M,PAS,TOTAL,INTL_XEU27_2020,PAS_CRD,DE_EDDS	294653 	357017 	342601 	445553 	373862 	364846 	267140 	280972 	243106 	213817 	241036 	296709 	340818 	: 	: 	: 
M,PAS,TOTAL,INTL_XEU27_2020,PAS_CRD,DE_EDDV	206562 	205090 	266563 	275811 	266360 	341687 	176628 	151672 	125475 	120374 	155013 	190583 	205007 	: 	: 	: 
M,PAS,TOTAL,INTL_XEU27_2020,PAS_CRD,DE_EDDW	54426 	51320 	64274 	67708 	60721 	71970 	42692 	44918 	31749 	30059 	39972 	49101 	48686 	: 	: 	: 
M,PAS,TOTAL,INTL_XEU27_2020,PAS_CRD,DE_EDFH	51967 	54413 	57342 	60052 	55410 	61352 	51055 	58679 	50077 	46889 	55585 	70163 	65908 	: 	: 	: 
M,PAS,TOTAL,INTL_XEU27_2020,PAS_CRD,DE_EDJA	116825 	118043 	112124 	125501 	115541 	128183 	102822 	122659 	105228 	101124 	112506 	130512 	145030 	: 	: 	: 
M,PAS,TOTAL,INTL_XEU27_2020,PAS_CRD,DE_EDLP	30146 	33103 	45114 	48005 	51646 	58708 	12324 	2523 	1114 	15 	5040 	24051 	31374 	: 	: 	: 
M,PAS,TOTAL,INTL_XEU27_2020,PAS_CRD,DE_EDLV	50511 	47542 	46565 	52026 	48719 	58624 	46951 	51980 	45806 	41929 	47111 	60507 	60794 	: 	: 	: 
M,PAS,TOTAL,INTL_XEU27_2020,PAS_CRD,DE_EDLW	109646 	115177 	124134 	136757 	130306 	138820 	99045 	96796 	92760 	77810 	99469 	126559 	136111 	: 	: 	: 
M,PAS,TOTAL,INTL_XEU27_2020,PAS_CRD,DE_EDNY	8644 	15579 	13878 	15701 	13933 	14918 	10876 	11071 	11406 	8504 	8198 	11895 	13225 	: 	: 	: 
M,PAS,TOTAL,INTL_XEU27_2020,PAS_CRD,DE_EDSB	54987 	55776 	55891 	63979 	54272 	62850 	45093 	55588 	51834 	46074 	49792 	65142 	66234 	: 	: 	: 
M,PAS,TOTAL,INTL_XEU27_2020,PAS_CRD,DK_EKAH	12898 	13338 	10538 	12686 	13778 	13015 	11957 	11754 	9340 	9618 	9837 	12144 	14995 	: 	: 	: 
M,PAS,TOTAL,INTL_XEU27_2020,PAS_CRD,DK_EKBI	55612 	58976 	78398 	66978 	60381 	60031 	44175 	37943 	37013 	35629 	47850 	56027 	63122 	: 	: 	: 
M,PAS,TOTAL,INTL_XEU27_2020,PAS_CRD,DK_EKCH	966021 	1095568 	1237527 	1187959 	1053313 	1069647 	922090 	989312 	908015 	876875 	951923 	940699 	1021628 	: 	: 	: 
M,PAS,TOTAL,INTL_XEU27_2020,PAS_CRD,DK_EKEB	2131 	2429 	2141 	1947 	2012 	2214 	1338 	1102 	462 	385 	519 	878 	791 	: 	: 	: 
M,PAS,TOTAL,INTL_XEU27_2020,PAS_CRD,DK_EKKA	0 	191 	0 	0 	279 	94 	162 	0 	54 	146 	310 	111 	23 	: 	: 	: 
M,PAS,TOTAL,INTL_XEU27_2020,PAS_CRD,DK_EKRK	123 	91 	130 	327 	145 	124 	188 	126 	101 	73 	30 	80 	117 	: 	: 	: 
M,PAS,TOTAL,INTL_XEU27_2020,PAS_CRD,DK_EKRN	0 	0 	0 	0 	0 	0 	0 	0 	0 	0 	0 	0 	0 	: 	: 	: 
M,PAS,TOTAL,INTL_XEU27_2020,PAS_CRD,DK_EKSB	174 	251 	276 	330 	57 	4 	20 	24 	11 	10 	26 	11 	18 	: 	: 	: 
M,PAS,TOTAL,INTL_XEU27_2020,PAS_CRD,DK_EKYT	8269 	9992 	10614 	9649 	9575 	8597 	2994 	2269 	4293 	4035 	4676 	8623 	9165 	: 	: 	: 
M,PAS,TOTAL,INTL_XEU27_2020,PAS_CRD,EE_EETN	78039 	77677 	76650 	72390 	79295 	107223 	70098 	69905 	50455 	49136 	61210 	69789 	72926 	: 	: 	: 
M,PAS,TOTAL,INTL_XEU27_2020,PAS_CRD,EL_LGAL	0 	0 	0 	0 	0 	89 	1 	0 	0 	6 	0 	: 	: 	: 	: 	: 
M,PAS,TOTAL,INTL_XEU27_2020,PAS_CRD,EL_LGAV	963026 	1066971 	1187601 	1238166 	1086343 	956420 	681334 	682910 	592764 	537167 	605864 	: 	: 	: 	: 	: 
M,PAS,TOTAL,INTL_XEU27_2020,PAS_CRD,EL_LGBL	0 	0 	2 	0 	1 	3 	0 	0 	0 	0 	0 	: 	: 	: 	: 	: 
M,PAS,TOTAL,INTL_XEU27_2020,PAS_CRD,EL_LGHI	0 	0 	11 	13 	3 	1 	0 	0 	0 	0 	0 	: 	: 	: 	: 	: 
M,PAS,TOTAL,INTL_XEU27_2020,PAS_CRD,EL_LGIK	0 	0 	0 	0 	0 	0 	0 	0 	0 	0 	0 	: 	: 	: 	: 	: 
M,PAS,TOTAL,INTL_XEU27_2020,PAS_CRD,EL_LGIO	520 	1977 	1385 	1292 	1327 	181 	1 	0 	0 	0 	0 	: 	: 	: 	: 	: 
M,PAS,TOTAL,INTL_XEU27_2020,PAS_CRD,EL_LGIR	237603 	315795 	399496 	442028 	361370 	271252 	23442 	5687 	3441 	3425 	11211 	: 	: 	: 	: 	: 
M,PAS,TOTAL,INTL_XEU27_2020,PAS_CRD,EL_LGKA	0 	0 	0 	0 	0 	0 	0 	0 	0 	0 	0 	: 	: 	: 	: 	: 
M,PAS,TOTAL,INTL_XEU27_2020,PAS_CRD,EL_LGKC	0 	0 	0 	0 	0 	0 	0 	0 	0 	0 	0 	: 	: 	: 	: 	: 
M,PAS,TOTAL,INTL_XEU27_2020,PAS_CRD,EL_LGKF	65163 	90385 	108093 	107870 	91418 	23084 	984 	0 	0 	0 	233 	: 	: 	: 	: 	: 
M,PAS,TOTAL,INTL_XEU27_2020,PAS_CRD,EL_LGKJ	0 	0 	0 	0 	0 	0 	0 	0 	0 	0 	0 	: 	: 	: 	: 	: 
M,PAS,TOTAL,INTL_XEU27_2020,PAS_CRD,EL_LGKL	18356 	26104 	32381 	33775 	31296 	18291 	3431 	0 	0 	142 	1337 	: 	: 	: 	: 	: 
M,PAS,TOTAL,INTL_XEU27_2020,PAS_CRD,EL_LGKO	112730 	150100 	174420 	186128 	150547 	118312 	3447 	0 	0 	0 	740 	: 	: 	: 	: 	: 
M,PAS,TOTAL,INTL_XEU27_2020,PAS_CRD,EL_LGKP	625 	2955 	4004 	4299 	3184 	1142 	0 	0 	0 	0 	0 	: 	: 	: 	: 	: 
M,PAS,TOTAL,INTL_XEU27_2020,PAS_CRD,EL_LGKR	200347 	279859 	323836 	342283 	294492 	175352 	5983 	0 	0 	0 	8006 	: 	: 	: 	: 	: 
M,PAS,TOTAL,INTL_XEU27_2020,PAS_CRD,EL_LGKS	0 	0 	0 	22 	0 	0 	0 	0 	0 	0 	0 	: 	: 	: 	: 	: 
M,PAS,TOTAL,INTL_XEU27_2020,PAS_CRD,EL_LGKV	2755 	6596 	6420 	7512 	5452 	0 	0 	0 	0 	0 	0 	: 	: 	: 	: 	: 
M,PAS,TOTAL,INTL_XEU27_2020,PAS_CRD,EL_LGKY	0 	0 	0 	0 	0 	0 	0 	0 	0 	0 	0 	: 	: 	: 	: 	: 
M,PAS,TOTAL,INTL_XEU27_2020,PAS_CRD,EL_LGKZ	0 	0 	0 	0 	0 	0 	0 	0 	0 	0 	0 	: 	: 	: 	: 	: 
M,PAS,TOTAL,INTL_XEU27_2020,PAS_CRD,EL_LGLE	0 	0 	0 	0 	0 	0 	0 	0 	0 	0 	0 	: 	: 	: 	: 	: 
M,PAS,TOTAL,INTL_XEU27_2020,PAS_CRD,EL_LGLM	549 	2476 	2835 	1899 	1370 	163 	0 	0 	0 	0 	0 	: 	: 	: 	: 	: 
M,PAS,TOTAL,INTL_XEU27_2020,PAS_CRD,EL_LGMG	0 	0 	0 	0 	0 	0 	0 	0 	0 	0 	0 	: 	: 	: 	: 	: 
M,PAS,TOTAL,INTL_XEU27_2020,PAS_CRD,EL_LGMK	34529 	58525 	89821 	92666 	60752 	20936 	523 	0 	0 	0 	181 	: 	: 	: 	: 	: 
M,PAS,TOTAL,INTL_XEU27_2020,PAS_CRD,EL_LGML	0 	0 	0 	0 	0 	0 	0 	0 	0 	0 	0 	: 	: 	: 	: 	: 
M,PAS,TOTAL,INTL_XEU27_2020,PAS_CRD,EL_LGMT	5642 	10948 	12020 	13237 	10570 	2050 	0 	0 	0 	0 	0 	: 	: 	: 	: 	: 
M,PAS,TOTAL,INTL_XEU27_2020,PAS_CRD,EL_LGNX	0 	0 	0 	0 	0 	40 	0 	0 	0 	0 	0 	: 	: 	: 	: 	: 
M,PAS,TOTAL,INTL_XEU27_2020,PAS_CRD,EL_LGPA	2 	0 	0 	0 	0 	0 	0 	0 	0 	0 	0 	: 	: 	: 	: 	: 
M,PAS,TOTAL,INTL_XEU27_2020,PAS_CRD,EL_LGPL	0 	0 	0 	0 	0 	0 	0 	0 	0 	0 	0 	: 	: 	: 	: 	: 
M,PAS,TOTAL,INTL_XEU27_2020,PAS_CRD,EL_LGPZ	30882 	53902 	65701 	72079 	57640 	24327 	1425 	0 	0 	0 	180 	: 	: 	: 	: 	: 
M,PAS,TOTAL,INTL_XEU27_2020,PAS_CRD,EL_LGRP	273839 	329333 	418578 	437734 	346965 	265109 	15423 	145 	0 	636 	7217 	: 	: 	: 	: 	: 
M,PAS,TOTAL,INTL_XEU27_2020,PAS_CRD,EL_LGRX	0 	0 	15 	45 	439 	1191 	36 	0 	0 	0 	0 	: 	: 	: 	: 	: 
M,PAS,TOTAL,INTL_XEU27_2020,PAS_CRD,EL_LGSA	118995 	147605 	191651 	178698 	143413 	96049 	2737 	0 	0 	0 	3050 	: 	: 	: 	: 	: 
M,PAS,TOTAL,INTL_XEU27_2020,PAS_CRD,EL_LGSK	38972 	58107 	66412 	66684 	56081 	7901 	183 	0 	0 	0 	153 	: 	: 	: 	: 	: 
M,PAS,TOTAL,INTL_XEU27_2020,PAS_CRD,EL_LGSM	2084 	6728 	8754 	8508 	7158 	2223 	0 	0 	0 	0 	0 	: 	: 	: 	: 	: 
M,PAS,TOTAL,INTL_XEU27_2020,PAS_CRD,EL_LGSO	0 	0 	0 	0 	0 	0 	0 	0 	0 	0 	0 	: 	: 	: 	: 	: 
M,PAS,TOTAL,INTL_XEU27_2020,PAS_CRD,EL_LGSR	60350 	73885 	89121 	90554 	78368 	48607 	1747 	0 	0 	0 	1131 	: 	: 	: 	: 	: 
M,PAS,TOTAL,INTL_XEU27_2020,PAS_CRD,EL_LGST	0 	3 	0 	15 	0 	0 	0 	0 	0 	0 	0 	: 	: 	: 	: 	: 
M,PAS,TOTAL,INTL_XEU27_2020,PAS_CRD,EL_LGSY	0 	0 	0 	0 	0 	0 	0 	0 	0 	0 	0 	: 	: 	: 	: 	: 
M,PAS,TOTAL,INTL_XEU27_2020,PAS_CRD,EL_LGTS	120173 	129758 	164907 	176524 	155159 	110835 	62634 	66153 	52037 	48322 	52228 	: 	: 	: 	: 	: 
M,PAS,TOTAL,INTL_XEU27_2020,PAS_CRD,EL_LGZA	98285 	149448 	166200 	168808 	144466 	68736 	1341 	0 	0 	0 	431 	: 	: 	: 	: 	: 
M,PAS,TOTAL,INTL_XEU27_2020,PAS_CRD,ES_GCFV	134497 	135991 	152248 	154039 	133247 	157095 	153339 	143172 	145502 	158082 	175851 	: 	: 	: 	: 	: 
M,PAS,TOTAL,INTL_XEU27_2020,PAS_CRD,ES_GCHI	0 	0 	0 	0 	0 	0 	0 	0 	0 	0 	0 	: 	: 	: 	: 	: 
M,PAS,TOTAL,INTL_XEU27_2020,PAS_CRD,ES_GCLA	4067 	2995 	3287 	2977 	2924 	3073 	3134 	3180 	3733 	3479 	4088 	: 	: 	: 	: 	: 
M,PAS,TOTAL,INTL_XEU27_2020,PAS_CRD,ES_GCLP	222463 	225754 	246954 	244658 	231102 	268077 	276051 	274412 	287542 	282616 	306141 	: 	: 	: 	: 	: 
M,PAS,TOTAL,INTL_XEU27_2020,PAS_CRD,ES_GCRR	277542 	285243 	306883 	317973 	285484 	323158 	302595 	281082 	275167 	292595 	331104 	: 	: 	: 	: 	: 
M,PAS,TOTAL,INTL_XEU27_2020,PAS_CRD,ES_GCTS	481320 	481446 	512953 	522636 	473321 	543933 	526411 	516994 	516893 	521742 	589144 	: 	: 	: 	: 	: 
M,PAS,TOTAL,INTL_XEU27_2020,PAS_CRD,ES_GCXO	1936 	2462 	1423 	2667 	2193 	1934 	1988 	946 	643 	1007 	566 	: 	: 	: 	: 	: 
M,PAS,TOTAL,INTL_XEU27_2020,PAS_CRD,ES_GEML	0 	0 	0 	0 	0 	0 	0 	0 	0 	0 	0 	: 	: 	: 	: 	: 
M,PAS,TOTAL,INTL_XEU27_2020,PAS_CRD,ES_LEAL	786122 	834601 	930011 	918820 	827221 	795988 	570049 	482580 	387679 	468090 	666643 	: 	: 	: 	: 	: 
M,PAS,TOTAL,INTL_XEU27_2020,PAS_CRD,ES_LEAM	29830 	31198 	34826 	37139 	33436 	29579 	9602 	10065 	5962 	8915 	12211 	: 	: 	: 	: 	: 
M,PAS,TOTAL,INTL_XEU27_2020,PAS_CRD,ES_LEAS	8106 	8540 	9366 	9129 	8899 	8143 	6846 	7632 	5828 	6113 	7177 	: 	: 	: 	: 	: 
M,PAS,TOTAL,INTL_XEU27_2020,PAS_CRD,ES_LEBB	85223 	77208 	82557 	86951 	78246 	70702 	61111 	66559 	53231 	57329 	73921 	: 	: 	: 	: 	: 
M,PAS,TOTAL,INTL_XEU27_2020,PAS_CRD,ES_LEBL	1434052 	1499814 	1618372 	1693445 	1523709 	1467282 	1168001 	1194042 	1112168 	1051336 	1173379 	: 	: 	: 	: 	: 
M,PAS,TOTAL,INTL_XEU27_2020,PAS_CRD,ES_LECO	6921 	8077 	8410 	7760 	7786 	8560 	7920 	9133 	7505 	7228 	8416 	: 	: 	: 	: 	: 
M,PAS,TOTAL,INTL_XEU27_2020,PAS_CRD,ES_LEGE	79023 	101035 	100010 	112480 	92697 	65330 	13046 	14713 	10753 	10425 	16055 	: 	: 	: 	: 	: 
M,PAS,TOTAL,INTL_XEU27_2020,PAS_CRD,ES_LEGR	237 	332 	16 	293 	220 	333 	348 	270 	37 	22 	189 	: 	: 	: 	: 	: 
M,PAS,TOTAL,INTL_XEU27_2020,PAS_CRD,ES_LEIB	280154 	343035 	362576 	373215 	340115 	214727 	12946 	5944 	4286 	4340 	13354 	: 	: 	: 	: 	: 
M,PAS,TOTAL,INTL_XEU27_2020,PAS_CRD,ES_LEJR	7016 	5518 	6275 	7698 	8344 	8104 	276 	58 	321 	218 	1037 	: 	: 	: 	: 	: 
M,PAS,TOTAL,INTL_XEU27_2020,PAS_CRD,ES_LEMD	2257200 	2319544 	2528174 	2600739 	2427829 	2481906 	2250410 	2367469 	2310737 	2039245 	2233093 	: 	: 	: 	: 	: 
M,PAS,TOTAL,INTL_XEU27_2020,PAS_CRD,ES_LEMG	836906 	877380 	969672 	983449 	871067 	846114 	508023 	475397 	392743 	442366 	611821 	: 	: 	: 	: 	: 
M,PAS,TOTAL,INTL_XEU27_2020,PAS_CRD,ES_LEMH	140164 	178523 	190794 	199386 	168942 	115254 	6393 	2287 	1968 	2152 	4116 	: 	: 	: 	: 	: 
M,PAS,TOTAL,INTL_XEU27_2020,PAS_CRD,ES_LEMI	85241 	85294 	91394 	93959 	83413 	73237 	31831 	28530 	25403 	25963 	38000 	: 	: 	: 	: 	: 
M,PAS,TOTAL,INTL_XEU27_2020,PAS_CRD,ES_LEPA	920564 	1082986 	1153702 	1186429 	1026631 	804916 	116333 	84926 	57937 	80329 	201205 	: 	: 	: 	: 	: 
M,PAS,TOTAL,INTL_XEU27_2020,PAS_CRD,ES_LEPP	22 	11 	167 	204 	365 	0 	760 	754 	7 	353 	22 	: 	: 	: 	: 	: 
M,PAS,TOTAL,INTL_XEU27_2020,PAS_CRD,ES_LERS	113929 	133205 	140625 	151050 	134009 	88825 	3457 	0 	6 	4 	4849 	: 	: 	: 	: 	: 
M,PAS,TOTAL,INTL_XEU27_2020,PAS_CRD,ES_LESO	2771 	2675 	2875 	1705 	1657 	1394 	157 	201 	151 	4 	902 	: 	: 	: 	: 	: 
M,PAS,TOTAL,INTL_XEU27_2020,PAS_CRD,ES_LEST	32521 	31483 	36579 	39276 	30027 	29012 	13002 	21242 	15193 	13115 	17881 	: 	: 	: 	: 	: 
M,PAS,TOTAL,INTL_XEU27_2020,PAS_CRD,ES_LEVC	168773 	171397 	190568 	202714 	173996 	177656 	129329 	142197 	107084 	113094 	156532 	: 	: 	: 	: 	: 
M,PAS,TOTAL,INTL_XEU27_2020,PAS_CRD,ES_LEVD	896 	190 	404 	210 	144 	824 	122 	252 	195 	8 	700 	: 	: 	: 	: 	: 
M,PAS,TOTAL,INTL_XEU27_2020,PAS_CRD,ES_LEVT	4679 	3 	374 	617 	358 	339 	346 	429 	280 	118 	174 	: 	: 	: 	: 	: 
M,PAS,TOTAL,INTL_XEU27_2020,PAS_CRD,ES_LEVX	4358 	4242 	4762 	4778 	4813 	3981 	3520 	4477 	649 	363 	119 	: 	: 	: 	: 	: 
M,PAS,TOTAL,INTL_XEU27_2020,PAS_CRD,ES_LEXJ	24256 	18554 	19472 	21927 	18192 	18072 	10788 	11463 	10267 	9949 	12662 	: 	: 	: 	: 	: 
M,PAS,TOTAL,INTL_XEU27_2020,PAS_CRD,ES_LEZG	11503 	10840 	11734 	12271 	10586 	12342 	8866 	10223 	9590 	8126 	9081 	: 	: 	: 	: 	: 
M,PAS,TOTAL,INTL_XEU27_2020,PAS_CRD,ES_LEZL	116706 	101036 	94320 	100415 	109568 	128400 	113838 	112588 	98149 	107189 	135247 	: 	: 	: 	: 	: 
M,PAS,TOTAL,INTL_XEU27_2020,PAS_CRD,FI_EFHK	424506 	467327 	516161 	504035 	416212 	427995 	386209 	439001 	411910 	398578 	434701 	411158 	438445 	497131 	548643 	: 
M,PAS,TOTAL,INTL_XEU27_2020,PAS_CRD,FI_EFIV	32 	18 	103 	70 	10 	10 	1179 	35947 	4142 	3514 	1868 	88 	15 	14 	44 	: 
M,PAS,TOTAL,INTL_XEU27_2020,PAS_CRD,FI_EFJO	0 	0 	0 	0 	0 	0 	0 	0 	0 	0 	0 	0 	0 	0 	68 	: 
M,PAS,TOTAL,INTL_XEU27_2020,PAS_CRD,FI_EFJY	0 	26 	0 	0 	99 	0 	0 	0 	0 	0 	0 	0 	0 	0 	0 	: 
M,PAS,TOTAL,INTL_XEU27_2020,PAS_CRD,FI_EFKE	8 	0 	0 	0 	0 	0 	0 	0 	0 	0 	0 	0 	0 	0 	0 	: 
M,PAS,TOTAL,INTL_XEU27_2020,PAS_CRD,FI_EFKI	0 	0 	0 	0 	0 	0 	0 	1021 	20 	0 	0 	0 	0 	0 	0 	: 
M,PAS,TOTAL,INTL_XEU27_2020,PAS_CRD,FI_EFKK	15 	10 	0 	3 	0 	359 	0 	1 	3 	0 	0 	0 	1 	4 	13 	: 
M,PAS,TOTAL,INTL_XEU27_2020,PAS_CRD,FI_EFKS	0 	0 	0 	0 	0 	0 	166 	17902 	4873 	4758 	169 	0 	0 	0 	0 	: 
M,PAS,TOTAL,INTL_XEU27_2020,PAS_CRD,FI_EFKT	0 	469 	852 	951 	387 	4 	4170 	58193 	14020 	12196 	2477 	5 	2 	356 	668 	: 
M,PAS,TOTAL,INTL_XEU27_2020,PAS_CRD,FI_EFKU	1 	1 	100 	0 	0 	362 	172 	0 	0 	2 	0 	3 	0 	0 	222 	: 
M,PAS,TOTAL,INTL_XEU27_2020,PAS_CRD,FI_EFMA	21 	0 	207 	0 	14 	0 	0 	0 	0 	0 	6 	0 	16 	0 	18 	: 
M,PAS,TOTAL,INTL_XEU27_2020,PAS_CRD,FI_EFOU	1811 	857 	11 	7 	0 	1445 	0 	356 	8 	0 	0 	511 	1698 	821 	18 	: 
M,PAS,TOTAL,INTL_XEU27_2020,PAS_CRD,FI_EFPO	0 	8 	8 	23 	10 	364 	0 	4 	0 	17 	0 	0 	0 	2 	0 	: 
M,PAS,TOTAL,INTL_XEU27_2020,PAS_CRD,FI_EFRO	0 	19 	52 	28 	8 	2592 	31619 	103663 	52218 	49563 	28062 	931 	299 	634 	732 	: 
M,PAS,TOTAL,INTL_XEU27_2020,PAS_CRD,FI_EFSA	0 	2 	0 	0 	0 	0 	0 	0 	0 	0 	0 	0 	0 	0 	5 	: 
M,PAS,TOTAL,INTL_XEU27_2020,PAS_CRD,FI_EFTP	12 	47 	271 	0 	216 	54 	147 	460 	3 	0 	217 	2 	10 	171 	133 	: 
M,PAS,TOTAL,INTL_XEU27_2020,PAS_CRD,FI_EFTU	14 	53 	14 	0 	13 	0 	5 	12 	7 	0 	0 	6 	0 	18 	297 	: 
M,PAS,TOTAL,INTL_XEU27_2020,PAS_CRD,FI_EFVA	169 	769 	0 	0 	0 	362 	2 	0 	0 	0 	0 	140 	1212 	682 	0 	: 
M,PAS,TOTAL,INTL_XEU27_2020,PAS_CRD,FR_FMCZ	9530 	6717 	11567 	11803 	6683 	8024 	6801 	10414 	8796 	4285 	: 	: 	: 	: 	: 	: 
M,PAS,TOTAL,INTL_XEU27_2020,PAS_CRD,FR_FMEE	89079 	56130 	93304 	86733 	57866 	93152 	71549 	92202 	102992 	51539 	: 	: 	: 	: 	: 	: 
M,PAS,TOTAL,INTL_XEU27_2020,PAS_CRD,FR_LFBD	144847 	145592 	181767 	190521 	146809 	143436 	112574 	135179 	108733 	120715 	: 	: 	: 	: 	: 	: 
M,PAS,TOTAL,INTL_XEU27_2020,PAS_CRD,FR_LFBE	17697 	31726 	35673 	38544 	24217 	14850 	19 	662 	140 	0 	: 	: 	: 	: 	: 	: 
M,PAS,TOTAL,INTL_XEU27_2020,PAS_CRD,FR_LFBH	11906 	15034 	24680 	26265 	10455 	10115 	2655 	2578 	2792 	2787 	: 	: 	: 	: 	: 	: 
M,PAS,TOTAL,INTL_XEU27_2020,PAS_CRD,FR_LFBL	23442 	29603 	28433 	32960 	25973 	17735 	12581 	13219 	9417 	11203 	: 	: 	: 	: 	: 	: 
M,PAS,TOTAL,INTL_XEU27_2020,PAS_CRD,FR_LFBO	154866 	159035 	169517 	181522 	158497 	162226 	137443 	156304 	143662 	135491 	: 	: 	: 	: 	: 	: 
M,PAS,TOTAL,INTL_XEU27_2020,PAS_CRD,FR_LFBP	9 	228 	200 	7 	7 	31 	7 	517 	148 	176 	: 	: 	: 	: 	: 	: 
M,PAS,TOTAL,INTL_XEU27_2020,PAS_CRD,FR_LFBT	17202 	9266 	16223 	10742 	7422 	10297 	4204 	3495 	3072 	2717 	: 	: 	: 	: 	: 	: 
M,PAS,TOTAL,INTL_XEU27_2020,PAS_CRD,FR_LFBZ	18289 	21480 	31589 	33134 	20302 	16853 	4689 	5515 	4796 	4536 	: 	: 	: 	: 	: 	: 
M,PAS,TOTAL,INTL_XEU27_2020,PAS_CRD,FR_LFKB	4364 	5141 	8371 	9406 	5731 	4837 	340 	3 	8 	228 	: 	: 	: 	: 	: 	: 
M,PAS,TOTAL,INTL_XEU27_2020,PAS_CRD,FR_LFKC	1335 	2850 	4472 	5023 	3781 	992 	0 	8 	8 	0 	: 	: 	: 	: 	: 	: 
M,PAS,TOTAL,INTL_XEU27_2020,PAS_CRD,FR_LFKF	2722 	9197 	15993 	17190 	9390 	2934 	321 	4 	4 	15 	: 	: 	: 	: 	: 	: 
M,PAS,TOTAL,INTL_XEU27_2020,PAS_CRD,FR_LFKJ	5290 	7114 	10966 	9896 	5818 	4340 	358 	2 	0 	1013 	: 	: 	: 	: 	: 	: 
M,PAS,TOTAL,INTL_XEU27_2020,PAS_CRD,FR_LFLB	32 	10 	68 	70 	24 	10 	6 	23891 	55769 	45459 	: 	: 	: 	: 	: 	: 
M,PAS,TOTAL,INTL_XEU27_2020,PAS_CRD,FR_LFLC	6953 	6200 	7694 	8324 	5983 	6511 	587 	704 	395 	208 	: 	: 	: 	: 	: 	: 
M,PAS,TOTAL,INTL_XEU27_2020,PAS_CRD,FR_LFLL	336211 	328998 	360748 	386894 	317124 	348432 	296585 	346871 	337848 	323515 	: 	: 	: 	: 	: 	: 
M,PAS,TOTAL,INTL_XEU27_2020,PAS_CRD,FR_LFLS	2 	66 	3 	28 	4 	6 	607 	39055 	63247 	51875 	: 	: 	: 	: 	: 	: 
M,PAS,TOTAL,INTL_XEU27_2020,PAS_CRD,FR_LFMK	23648 	24250 	24930 	27748 	20549 	18247 	5547 	7154 	5131 	4913 	: 	: 	: 	: 	: 	: 
M,PAS,TOTAL,INTL_XEU27_2020,PAS_CRD,FR_LFML	345797 	342840 	389068 	419643 	329884 	331557 	263033 	273770 	255822 	245020 	: 	: 	: 	: 	: 	: 
M,PAS,TOTAL,INTL_XEU27_2020,PAS_CRD,FR_LFMN	483932 	558312 	632592 	648659 	513161 	413486 	240424 	264202 	220873 	233811 	: 	: 	: 	: 	: 	: 
M,PAS,TOTAL,INTL_XEU27_2020,PAS_CRD,FR_LFMP	16206 	19493 	19735 	22071 	17915 	10397 	3654 	3982 	3435 	2743 	: 	: 	: 	: 	: 	: 
M,PAS,TOTAL,INTL_XEU27_2020,PAS_CRD,FR_LFMT	39801 	44251 	57483 	62692 	43052 	41602 	29892 	40276 	30859 	30355 	: 	: 	: 	: 	: 	: 
M,PAS,TOTAL,INTL_XEU27_2020,PAS_CRD,FR_LFMU	15717 	20037 	21952 	21967 	18802 	6653 	2 	0 	7 	0 	: 	: 	: 	: 	: 	: 
M,PAS,TOTAL,INTL_XEU27_2020,PAS_CRD,FR_LFOB	138731 	130787 	128625 	146653 	120185 	135296 	101821 	104356 	102362 	97357 	: 	: 	: 	: 	: 	: 
M,PAS,TOTAL,INTL_XEU27_2020,PAS_CRD,FR_LFOK	2908 	3096 	2808 	3030 	3067 	2903 	2523 	2922 	2735 	2805 	: 	: 	: 	: 	: 	: 
M,PAS,TOTAL,INTL_XEU27_2020,PAS_CRD,FR_LFOT	6389 	7148 	9756 	8075 	6346 	6123 	3029 	2098 	3187 	2865 	: 	: 	: 	: 	: 	: 
M,PAS,TOTAL,INTL_XEU27_2020,PAS_CRD,FR_LFPG	3675294 	3816194 	4123422 	4189806 	3667303 	3702472 	3275874 	3672305 	3367367 	3026151 	: 	: 	: 	: 	: 	: 
M,PAS,TOTAL,INTL_XEU27_2020,PAS_CRD,FR_LFPO	823262 	843064 	964337 	1046850 	826921 	871478 	702729 	785452 	757572 	691568 	: 	: 	: 	: 	: 	: 
M,PAS,TOTAL,INTL_XEU27_2020,PAS_CRD,FR_LFQQ	44262 	42445 	52587 	54577 	43874 	45272 	36627 	41815 	38629 	37481 	: 	: 	: 	: 	: 	: 
M,PAS,TOTAL,INTL_XEU27_2020,PAS_CRD,FR_LFRB	3042 	2982 	4350 	5267 	2691 	4204 	4381 	5385 	5165 	5253 	: 	: 	: 	: 	: 	: 
M,PAS,TOTAL,INTL_XEU27_2020,PAS_CRD,FR_LFRK	266 	210 	40 	28 	258 	27 	15 	19 	10 	10 	: 	: 	: 	: 	: 	: 
M,PAS,TOTAL,INTL_XEU27_2020,PAS_CRD,FR_LFRN	5286 	5509 	8334 	9687 	6545 	7833 	10047 	14743 	10290 	12496 	: 	: 	: 	: 	: 	: 
M,PAS,TOTAL,INTL_XEU27_2020,PAS_CRD,FR_LFRS	143095 	144352 	162495 	179914 	137820 	147186 	114936 	130204 	105141 	120490 	: 	: 	: 	: 	: 	: 
M,PAS,TOTAL,INTL_XEU27_2020,PAS_CRD,FR_LFRZ	3 	2 	10 	39 	2 	4 	4 	1 	2 	0 	: 	: 	: 	: 	: 	: 
M,PAS,TOTAL,INTL_XEU27_2020,PAS_CRD,FR_LFSB	81212 	87319 	94506 	91571 	74544 	86912 	73416 	88626 	81742 	68450 	: 	: 	: 	: 	: 	: 
M,PAS,TOTAL,INTL_XEU27_2020,PAS_CRD,FR_LFST	20466 	20994 	27156 	29678 	22682 	21091 	11010 	24209 	15815 	11889 	: 	: 	: 	: 	: 	: 
M,PAS,TOTAL,INTL_XEU27_2020,PAS_CRD,FR_LFTH	460 	893 	2328 	2687 	734 	356 	205 	722 	204 	75 	: 	: 	: 	: 	: 	: 
M,PAS,TOTAL,INTL_XEU27_2020,PAS_CRD,FR_LFTW	9562 	11317 	8380 	9149 	8253 	9225 	11210 	10302 	9639 	9438 	: 	: 	: 	: 	: 	: 
M,PAS,TOTAL,INTL_XEU27_2020,PAS_CRD,FR_SOCA	2585 	2421 	3103 	2911 	2441 	3203 	3396 	2278 	2644 	2195 	: 	: 	: 	: 	: 	: 
M,PAS,TOTAL,INTL_XEU27_2020,PAS_CRD,FR_TFFF	10854 	9396 	15244 	16142 	4363 	8546 	12485 	20443 	25486 	24378 	: 	: 	: 	: 	: 	: 
M,PAS,TOTAL,INTL_XEU27_2020,PAS_CRD,FR_TFFG	0 	0 	0 	0 	0 	0 	0 	0 	4 	0 	: 	: 	: 	: 	: 	: 
M,PAS,TOTAL,INTL_XEU27_2020,PAS_CRD,FR_TFFR	11275 	9279 	16444 	19551 	6097 	8960 	13762 	22448 	26361 	25865 	: 	: 	: 	: 	: 	: 
M,PAS,TOTAL,INTL_XEU27_2020,PAS_CRD,HR_LDDU	134027 	158853 	179513 	173921 	151095 	113366 	11792 	3278 	1992 	2607 	12145 	65313 	142195 	163727 	190986 	: 
M,PAS,TOTAL,INTL_XEU27_2020,PAS_CRD,HR_LDPL	22216 	37640 	50687 	49734 	35844 	9842 	164 	0 	0 	0 	0 	63 	22873 	39564 	53150 	: 
M,PAS,TOTAL,INTL_XEU27_2020,PAS_CRD,HR_LDRI	358 	3380 	4052 	4322 	2899 	491 	265 	0 	0 	0 	0 	0 	0 	3120 	5927 	: 
M,PAS,TOTAL,INTL_XEU27_2020,PAS_CRD,HR_LDSP	102620 	163397 	228101 	204366 	146279 	80259 	10145 	7404 	5863 	4471 	9454 	40669 	124397 	172377 	230230 	: 
M,PAS,TOTAL,INTL_XEU27_2020,PAS_CRD,HR_LDZA	98471 	101672 	113334 	120443 	110967 	103700 	79467 	77427 	77362 	70297 	70448 	85596 	93540 	92614 	110145 	: 
M,PAS,TOTAL,INTL_XEU27_2020,PAS_CRD,HR_LDZD	6035 	32158 	41139 	41603 	30989 	3534 	125 	0 	30 	0 	271 	1843 	7843 	35576 	42774 	: 
M,PAS,TOTAL,INTL_XEU27_2020,PAS_CRD,HU_LHBP	592035 	539893 	617899 	657008 	624309 	640164 	567174 	609062 	499372 	480591 	460127 	496499 	562721 	612424 	: 	: 
M,PAS,TOTAL,INTL_XEU27_2020,PAS_CRD,HU_LHDC	7899 	8021 	15078 	15718 	11704 	4726 	5260 	4747 	5091 	4954 	5680 	9062 	7325 	14481 	: 	: 
M,PAS,TOTAL,INTL_XEU27_2020,PAS_CRD,IE_EICK	133915 	135589 	147942 	155661 	127402 	134017 	120392 	129291 	109049 	109049 	129252 	133959 	138567 	: 	: 	: 
M,PAS,TOTAL,INTL_XEU27_2020,PAS_CRD,IE_EIDW	1579089 	1640078 	1745317 	1808462 	1566236 	1542921 	1351172 	1402622 	1240173 	1150440 	1397689 	1482849 	1660476 	: 	: 	: 
M,PAS,TOTAL,INTL_XEU27_2020,PAS_CRD,IE_EIKN	66929 	62817 	68876 	76308 	58974 	66699 	54590 	60277 	46443 	51203 	59629 	69907 	65836 	: 	: 	: 
M,PAS,TOTAL,INTL_XEU27_2020,PAS_CRD,IE_EIKY	20354 	19792 	21972 	24101 	19670 	19910 	15873 	18120 	13363 	14407 	18029 	22142 	23628 	: 	: 	: 
M,PAS,TOTAL,INTL_XEU27_2020,PAS_CRD,IE_EINN	111982 	125728 	139458 	146029 	111705 	109509 	90071 	94521 	70438 	71924 	95299 	109255 	119765 	: 	: 	: 
M,PAS,TOTAL,INTL_XEU27_2020,PAS_CRD,IT_LIBC	0 	0 	2 	0 	0 	0 	0 	0 	0 	0 	0 	0 	0 	: 	: 	: 
M,PAS,TOTAL,INTL_XEU27_2020,PAS_CRD,IT_LIBD	88545 	95217 	103805 	115841 	101395 	84857 	61556 	60903 	49275 	46238 	60601 	90698 	111806 	: 	: 	: 
M,PAS,TOTAL,INTL_XEU27_2020,PAS_CRD,IT_LIBP	22713 	22276 	23018 	24240 	23282 	21478 	13413 	14170 	14328 	12118 	15081 	29372 	28130 	: 	: 	: 
M,PAS,TOTAL,INTL_XEU27_2020,PAS_CRD,IT_LIBR	55398 	61494 	74811 	74147 	64653 	42252 	10945 	18695 	13138 	11997 	14066 	34231 	48407 	: 	: 	: 
M,PAS,TOTAL,INTL_XEU27_2020,PAS_CRD,IT_LICA	17662 	18442 	27911 	28145 	18412 	15766 	7310 	9039 	7613 	6429 	6963 	12320 	17750 	: 	: 	: 
M,PAS,TOTAL,INTL_XEU27_2020,PAS_CRD,IT_LICB	129 	1076 	3296 	3926 	3383 	265 	0 	0 	0 	0 	0 	0 	0 	: 	: 	: 
M,PAS,TOTAL,INTL_XEU27_2020,PAS_CRD,IT_LICC	127552 	139141 	154552 	163736 	153155 	129309 	54778 	54760 	47064 	47286 	56297 	107051 	139199 	: 	: 	: 
M,PAS,TOTAL,INTL_XEU27_2020,PAS_CRD,IT_LICD	100 	113 	152 	168 	107 	106 	63 	22 	29 	73 	44 	0 	0 	: 	: 	: 
M,PAS,TOTAL,INTL_XEU27_2020,PAS_CRD,IT_LICG	11 	79 	30 	29 	0 	18 	2 	0 	0 	0 	0 	0 	10 	: 	: 	: 
M,PAS,TOTAL,INTL_XEU27_2020,PAS_CRD,IT_LICJ	76152 	87879 	105232 	112760 	101628 	76822 	28487 	21429 	16929 	19878 	29695 	73417 	92556 	: 	: 	: 
M,PAS,TOTAL,INTL_XEU27_2020,PAS_CRD,IT_LICR	2529 	2345 	2841 	3097 	2472 	2634 	2071 	2102 	1778 	1475 	2126 	2595 	2329 	: 	: 	: 
M,PAS,TOTAL,INTL_XEU27_2020,PAS_CRD,IT_LICT	32 	5898 	6105 	6080 	6288 	2920 	1951 	2042 	1856 	1497 	2030 	2429 	2815 	: 	: 	: 
M,PAS,TOTAL,INTL_XEU27_2020,PAS_CRD,IT_LIEA	4075 	6087 	8376 	7782 	6371 	3408 	5 	184 	14 	181 	1053 	9757 	11378 	: 	: 	: 
M,PAS,TOTAL,INTL_XEU27_2020,PAS_CRD,IT_LIEE	21939 	38787 	45534 	45700 	40325 	21679 	9304 	10565 	9266 	6847 	8274 	12954 	23227 	: 	: 	: 
M,PAS,TOTAL,INTL_XEU27_2020,PAS_CRD,IT_LIEO	58756 	87016 	114326 	117132 	86327 	40858 	2206 	30 	22 	41 	1176 	23300 	60721 	: 	: 	: 
M,PAS,TOTAL,INTL_XEU27_2020,PAS_CRD,IT_LIMC	1056721 	1082659 	1173188 	1274338 	1193267 	1177023 	1004624 	1036503 	990969 	951979 	951550 	994783 	1105037 	: 	: 	: 
M,PAS,TOTAL,INTL_XEU27_2020,PAS_CRD,IT_LIME	314991 	304626 	328170 	358039 	310455 	325882 	280593 	288762 	289137 	259658 	277473 	330959 	319806 	: 	: 	: 
M,PAS,TOTAL,INTL_XEU27_2020,PAS_CRD,IT_LIMF	48471 	48906 	56862 	63349 	53247 	60916 	60927 	98954 	113852 	109304 	126314 	80978 	68833 	: 	: 	: 
M,PAS,TOTAL,INTL_XEU27_2020,PAS_CRD,IT_LIMJ	28732 	28236 	28964 	32548 	26681 	27527 	17687 	20797 	18865 	16408 	19621 	31379 	30806 	: 	: 	: 
M,PAS,TOTAL,INTL_XEU27_2020,PAS_CRD,IT_LIML	122646 	127577 	137095 	131436 	137086 	127360 	112013 	120226 	109085 	107581 	127052 	125827 	122774 	: 	: 	: 
M,PAS,TOTAL,INTL_XEU27_2020,PAS_CRD,IT_LIMP	2844 	3924 	4209 	4431 	3828 	2861 	22 	167 	7 	0 	0 	0 	0 	: 	: 	: 
M,PAS,TOTAL,INTL_XEU27_2020,PAS_CRD,IT_LIPE	233206 	226781 	234747 	249396 	227742 	234529 	210349 	207167 	204205 	177757 	199279 	227921 	229212 	: 	: 	: 
M,PAS,TOTAL,INTL_XEU27_2020,PAS_CRD,IT_LIPH	60193 	60135 	59183 	60711 	56500 	56687 	48325 	47483 	48894 	44183 	49584 	59445 	59805 	: 	: 	: 
M,PAS,TOTAL,INTL_XEU27_2020,PAS_CRD,IT_LIPO	70 	145 	121 	87 	97 	59 	42 	27 	15 	46 	45 	115 	59 	: 	: 	: 
M,PAS,TOTAL,INTL_XEU27_2020,PAS_CRD,IT_LIPQ	16671 	15228 	15572 	16165 	15247 	17010 	11956 	10106 	8130 	7876 	9388 	16947 	16334 	: 	: 	: 
M,PAS,TOTAL,INTL_XEU27_2020,PAS_CRD,IT_LIPR	13127 	21892 	24059 	26636 	22511 	12054 	5879 	4896 	3957 	3471 	4668 	11766 	14542 	: 	: 	: 
M,PAS,TOTAL,INTL_XEU27_2020,PAS_CRD,IT_LIPX	121802 	136153 	163679 	182069 	142654 	108876 	68307 	92314 	99322 	96440 	103842 	120839 	148966 	: 	: 	: 
M,PAS,TOTAL,INTL_XEU27_2020,PAS_CRD,IT_LIPY	20072 	19837 	20971 	23954 	18335 	20157 	15675 	16518 	12360 	10797 	13606 	22198 	21745 	: 	: 	: 
M,PAS,TOTAL,INTL_XEU27_2020,PAS_CRD,IT_LIPZ	338820 	367370 	386140 	391481 	360375 	338417 	232215 	246604 	225782 	237291 	243501 	301142 	368268 	: 	: 	: 
M,PAS,TOTAL,INTL_XEU27_2020,PAS_CRD,IT_LIRA	148182 	144889 	130977 	134855 	126268 	131897 	126511 	122736 	128833 	117338 	130879 	129024 	134684 	: 	: 	: 
M,PAS,TOTAL,INTL_XEU27_2020,PAS_CRD,IT_LIRF	1618511 	1727266 	1834332 	1901529 	1807906 	1739186 	1263645 	1272750 	1158102 	1050368 	1261571 	1462495 	1646651 	: 	: 	: 
M,PAS,TOTAL,INTL_XEU27_2020,PAS_CRD,IT_LIRI	: 	: 	: 	: 	: 	: 	: 	: 	0 	3 	238 	2831 	2746 	: 	: 	: 
M,PAS,TOTAL,INTL_XEU27_2020,PAS_CRD,IT_LIRN	313414 	327733 	332888 	371881 	354898 	332495 	164668 	171342 	147407 	141954 	173652 	291860 	355856 	: 	: 	: 
M,PAS,TOTAL,INTL_XEU27_2020,PAS_CRD,IT_LIRP	169235 	173378 	191083 	198755 	166969 	152291 	93296 	104819 	83130 	88467 	110025 	174929 	193402 	: 	: 	: 
M,PAS,TOTAL,INTL_XEU27_2020,PAS_CRD,IT_LIRQ	70369 	73769 	73178 	73545 	73491 	67445 	45433 	39151 	35377 	35903 	53812 	67627 	70498 	: 	: 	: 
M,PAS,TOTAL,INTL_XEU27_2020,PAS_CRD,IT_LIRZ	24872 	26619 	27730 	28478 	26254 	20204 	11959 	12013 	12345 	10379 	15185 	22266 	27205 	: 	: 	: 
M,PAS,TOTAL,INTL_XEU27_2020,PAS_CRD,LT_EYKA	52537 	51301 	54156 	54668 	49618 	55388 	43444 	52488 	46757 	45732 	49515 	51571 	52354 	48769 	46743 	47443 
M,PAS,TOTAL,INTL_XEU27_2020,PAS_CRD,LT_EYPA	19138 	15237 	15641 	15875 	17036 	25539 	16883 	18593 	16121 	14600 	16251 	16761 	18220 	20508 	23576 	22150 
M,PAS,TOTAL,INTL_XEU27_2020,PAS_CRD,LT_EYSA	0 	0 	0 	12 	0 	0 	20 	0 	0 	0 	0 	3 	12 	0 	0 	10 
M,PAS,TOTAL,INTL_XEU27_2020,PAS_CRD,LT_EYVI	178100 	159961 	162343 	164463 	162357 	197545 	132505 	102514 	91057 	89090 	95969 	138918 	163862 	162068 	169321 	174655 
M,PAS,TOTAL,INTL_XEU27_2020,PAS_CRD,LU_ELLX	96826 	94528 	110340 	111586 	98116 	115666 	100116 	98736 	80613 	87859 	94304 	111383 	104409 	99034 	118615 	115847 
M,PAS,TOTAL,INTL_XEU27_2020,PAS_CRD,LV_EVRA	175158 	171501 	178854 	177683 	173640 	201179 	157066 	160400 	133820 	133443 	142916 	155812 	165388 	170915 	: 	: 
M,PAS,TOTAL,INTL_XEU27_2020,PAS_CRD,MT_LMML	282054 	283688 	306706 	312824 	314148 	300306 	215466 	197404 	160935 	179187 	226650 	297405 	321169 	317927 	: 	: 
M,PAS,TOTAL,INTL_XEU27_2020,PAS_CRD,NL_EHAM	2960171 	2936748 	3224225 	3299814 	2975923 	3145098 	2790113 	2922501 	2472343 	2510296 	2796926 	2927912 	3017542 	: 	: 	: 
M,PAS,TOTAL,INTL_XEU27_2020,PAS_CRD,NL_EHBK	518 	1629 	328 	163 	436 	1466 	1423 	2962 	2729 	2002 	3404 	10041 	10289 	: 	: 	: 
M,PAS,TOTAL,INTL_XEU27_2020,PAS_CRD,NL_EHEH	103705 	99734 	100634 	110104 	101942 	107276 	91440 	90615 	87599 	81464 	87767 	97604 	108038 	: 	: 	: 
M,PAS,TOTAL,INTL_XEU27_2020,PAS_CRD,NL_EHGG	5970 	3577 	3953 	4629 	3628 	3785 	25 	42 	36 	37 	69 	2167 	4908 	: 	: 	: 
M,PAS,TOTAL,INTL_XEU27_2020,PAS_CRD,NL_EHRD	51048 	48650 	63268 	73632 	51474 	53076 	43965 	48055 	45024 	38037 	37646 	57479 	59373 	: 	: 	: 
M,PAS,TOTAL,INTL_XEU27_2020,PAS_CRD,PL_EPBY	27397 	31319 	35468 	35770 	29113 	27869 	20943 	22265 	18252 	19134 	20998 	22325 	: 	: 	: 	: 
M,PAS,TOTAL,INTL_XEU27_2020,PAS_CRD,PL_EPGD	251092 	275530 	311536 	307348 	276217 	256559 	188888 	207937 	179108 	179504 	187152 	220184 	: 	: 	: 	: 
M,PAS,TOTAL,INTL_XEU27_2020,PAS_CRD,PL_EPKK	374333 	375136 	416312 	443070 	399689 	412418 	384077 	411666 	340593 	370275 	358500 	355161 	: 	: 	: 	: 
M,PAS,TOTAL,INTL_XEU27_2020,PAS_CRD,PL_EPKT	296599 	380545 	440184 	448018 	411323 	306542 	200152 	211189 	200301 	193811 	169388 	165050 	: 	: 	: 	: 
M,PAS,TOTAL,INTL_XEU27_2020,PAS_CRD,PL_EPLB	25106 	30883 	34655 	33905 	30261 	25771 	17960 	18896 	18544 	18312 	19357 	21372 	: 	: 	: 	: 
M,PAS,TOTAL,INTL_XEU27_2020,PAS_CRD,PL_EPLL	19989 	24501 	31357 	30417 	24016 	19128 	15546 	15982 	15085 	14636 	14229 	15482 	: 	: 	: 	: 
M,PAS,TOTAL,INTL_XEU27_2020,PAS_CRD,PL_EPMO	18119 	19235 	19855 	23599 	16937 	18233 	18781 	30384 	32494 	35981 	34328 	52625 	: 	: 	: 	: 
M,PAS,TOTAL,INTL_XEU27_2020,PAS_CRD,PL_EPPO	145803 	159021 	184623 	191793 	170576 	141151 	96619 	92517 	90983 	89897 	83715 	98075 	: 	: 	: 	: 
M,PAS,TOTAL,INTL_XEU27_2020,PAS_CRD,PL_EPRZ	56504 	71819 	82850 	77756 	74597 	48007 	34608 	37808 	36139 	35847 	37300 	32915 	: 	: 	: 	: 
M,PAS,TOTAL,INTL_XEU27_2020,PAS_CRD,PL_EPSC	25045 	25215 	28534 	29317 	22550 	22050 	12211 	18828 	14400 	18418 	18343 	20946 	: 	: 	: 	: 
M,PAS,TOTAL,INTL_XEU27_2020,PAS_CRD,PL_EPSY	4436 	3174 	4931 	4655 	4143 	4494 	2624 	3428 	4338 	3698 	2752 	3048 	: 	: 	: 	: 
M,PAS,TOTAL,INTL_XEU27_2020,PAS_CRD,PL_EPWA	727109 	807993 	907692 	962341 	872268 	815759 	696821 	690382 	702851 	633486 	572637 	600992 	: 	: 	: 	: 
M,PAS,TOTAL,INTL_XEU27_2020,PAS_CRD,PL_EPWR	160520 	182834 	206825 	210701 	193798 	135359 	0 	105289 	106118 	115016 	110588 	121508 	: 	: 	: 	: 
M,PAS,TOTAL,INTL_XEU27_2020,PAS_CRD,PT_LPAZ	0 	14 	16 	16 	18 	6 	11 	16 	16 	10 	: 	: 	: 	: 	: 	: 
M,PAS,TOTAL,INTL_XEU27_2020,PAS_CRD,PT_LPBG	0 	0 	0 	0 	0 	0 	0 	0 	0 	0 	: 	: 	: 	: 	: 	: 
M,PAS,TOTAL,INTL_XEU27_2020,PAS_CRD,PT_LPBJ	29 	230 	285 	383 	342 	199 	50 	25 	2 	16 	: 	: 	: 	: 	: 	: 
M,PAS,TOTAL,INTL_XEU27_2020,PAS_CRD,PT_LPCR	0 	0 	0 	0 	0 	0 	0 	0 	0 	0 	: 	: 	: 	: 	: 	: 
M,PAS,TOTAL,INTL_XEU27_2020,PAS_CRD,PT_LPCS	257 	210 	310 	268 	298 	292 	184 	152 	164 	146 	: 	: 	: 	: 	: 	: 
M,PAS,TOTAL,INTL_XEU27_2020,PAS_CRD,PT_LPFL	0 	0 	0 	0 	0 	0 	0 	0 	0 	0 	: 	: 	: 	: 	: 	: 
M,PAS,TOTAL,INTL_XEU27_2020,PAS_CRD,PT_LPFR	559001 	606081 	631633 	630662 	587570 	526112 	191148 	145040 	108752 	150759 	: 	: 	: 	: 	: 	: 
M,PAS,TOTAL,INTL_XEU27_2020,PAS_CRD,PT_LPGR	0 	0 	0 	0 	0 	0 	0 	0 	0 	0 	: 	: 	: 	: 	: 	: 
M,PAS,TOTAL,INTL_XEU27_2020,PAS_CRD,PT_LPHR	0 	0 	0 	0 	2 	0 	0 	0 	0 	0 	: 	: 	: 	: 	: 	: 
M,PAS,TOTAL,INTL_XEU27_2020,PAS_CRD,PT_LPLA	3386 	5044 	7721 	6949 	4783 	1628 	813 	794 	657 	540 	: 	: 	: 	: 	: 	: 
M,PAS,TOTAL,INTL_XEU27_2020,PAS_CRD,PT_LPMA	89921 	90284 	91228 	95144 	92131 	87791 	71264 	71435 	65431 	70259 	: 	: 	: 	: 	: 	: 
M,PAS,TOTAL,INTL_XEU27_2020,PAS_CRD,PT_LPPD	33985 	44701 	57990 	59888 	43678 	26160 	18207 	17169 	16045 	12978 	: 	: 	: 	: 	: 	: 
M,PAS,TOTAL,INTL_XEU27_2020,PAS_CRD,PT_LPPI	0 	0 	0 	0 	0 	0 	0 	0 	0 	0 	: 	: 	: 	: 	: 	: 
M,PAS,TOTAL,INTL_XEU27_2020,PAS_CRD,PT_LPPM	0 	0 	0 	0 	0 	0 	0 	0 	0 	0 	: 	: 	: 	: 	: 	: 
M,PAS,TOTAL,INTL_XEU27_2020,PAS_CRD,PT_LPPR	360991 	400229 	427942 	453173 	418883 	367100 	266920 	291996 	250014 	243932 	: 	: 	: 	: 	: 	: 
M,PAS,TOTAL,INTL_XEU27_2020,PAS_CRD,PT_LPPS	33 	0 	200 	309 	181 	16 	0 	0 	2 	640 	: 	: 	: 	: 	: 	: 
M,PAS,TOTAL,INTL_XEU27_2020,PAS_CRD,PT_LPPT	1258970 	1261775 	1359230 	1376511 	1306899 	1277396 	1078616 	1102292 	1056181 	971155 	: 	: 	: 	: 	: 	: 
M,PAS,TOTAL,INTL_XEU27_2020,PAS_CRD,PT_LPSJ	0 	0 	0 	0 	0 	0 	0 	0 	0 	0 	: 	: 	: 	: 	: 	: 
M,PAS,TOTAL,INTL_XEU27_2020,PAS_CRD,PT_LPVR	0 	0 	0 	0 	0 	0 	0 	0 	0 	0 	: 	: 	: 	: 	: 	: 
M,PAS,TOTAL,INTL_XEU27_2020,PAS_CRD,PT_LPVZ	0 	0 	0 	0 	0 	0 	0 	0 	0 	0 	: 	: 	: 	: 	: 	: 
M,PAS,TOTAL,INTL_XEU27_2020,PAS_CRD,RO_LRBC	18453 	19977 	21198 	23013 	24174 	18377 	15241 	15902 	16909 	16275 	15598 	: 	: 	: 	: 	: 
M,PAS,TOTAL,INTL_XEU27_2020,PAS_CRD,RO_LRBV	: 	: 	: 	: 	: 	: 	: 	: 	10138 	9912 	9149 	: 	: 	: 	: 	: 
M,PAS,TOTAL,INTL_XEU27_2020,PAS_CRD,RO_LRCL	57088 	78234 	81926 	85362 	78445 	63009 	58798 	51384 	48529 	47436 	44701 	: 	: 	: 	: 	: 
M,PAS,TOTAL,INTL_XEU27_2020,PAS_CRD,RO_LRCV	14287 	24147 	27704 	29089 	21570 	20171 	15858 	16479 	17406 	17802 	17950 	: 	: 	: 	: 	: 
M,PAS,TOTAL,INTL_XEU27_2020,PAS_CRD,RO_LRIA	36593 	42915 	45322 	46457 	49395 	39196 	34091 	34338 	32212 	30412 	26997 	: 	: 	: 	: 	: 
M,PAS,TOTAL,INTL_XEU27_2020,PAS_CRD,RO_LROD	3516 	10953 	16632 	19083 	13161 	3822 	3073 	2372 	1141 	939 	870 	: 	: 	: 	: 	: 
M,PAS,TOTAL,INTL_XEU27_2020,PAS_CRD,RO_LROP	389232 	395264 	431206 	479971 	434921 	440515 	406408 	423615 	415215 	371425 	312576 	: 	: 	: 	: 	: 
M,PAS,TOTAL,INTL_XEU27_2020,PAS_CRD,RO_LRSB	13226 	19657 	22814 	24175 	19512 	12058 	9341 	9004 	9221 	9451 	7833 	: 	: 	: 	: 	: 
M,PAS,TOTAL,INTL_XEU27_2020,PAS_CRD,RO_LRSM	0 	0 	0 	0 	0 	0 	0 	0 	: 	: 	: 	: 	: 	: 	: 	: 
M,PAS,TOTAL,INTL_XEU27_2020,PAS_CRD,RO_LRSV	30871 	40822 	41760 	44133 	33311 	24944 	13385 	21694 	22376 	21129 	23051 	: 	: 	: 	: 	: 
M,PAS,TOTAL,INTL_XEU27_2020,PAS_CRD,RO_LRTM	6 	4124 	6462 	5822 	5780 	17 	16 	2 	1 	5 	279 	: 	: 	: 	: 	: 
M,PAS,TOTAL,INTL_XEU27_2020,PAS_CRD,RO_LRTR	17459 	28635 	31743 	36002 	28526 	22223 	15551 	15633 	13375 	14156 	13049 	: 	: 	: 	: 	: 
M,PAS,TOTAL,INTL_XEU27_2020,PAS_CRD,SE_ESDF	0 	0 	3 	0 	0 	0 	0 	0 	0 	4 	: 	: 	: 	: 	: 	: 
M,PAS,TOTAL,INTL_XEU27_2020,PAS_CRD,SE_ESGG	92542 	108602 	133933 	121150 	101223 	108040 	84626 	96376 	87488 	82338 	: 	: 	: 	: 	: 	: 
M,PAS,TOTAL,INTL_XEU27_2020,PAS_CRD,SE_ESKN	4697 	5842 	7012 	6433 	6485 	6912 	4933 	6784 	4738 	3466 	: 	: 	: 	: 	: 	: 
M,PAS,TOTAL,INTL_XEU27_2020,PAS_CRD,SE_ESMQ	4 	2 	2 	3 	9 	0 	0 	0 	0 	0 	: 	: 	: 	: 	: 	: 
M,PAS,TOTAL,INTL_XEU27_2020,PAS_CRD,SE_ESMS	21642 	21673 	25284 	24062 	23828 	24249 	20549 	22131 	22515 	19862 	: 	: 	: 	: 	: 	: 
M,PAS,TOTAL,INTL_XEU27_2020,PAS_CRD,SE_ESMX	0 	863 	2157 	1714 	4 	12 	0 	14 	0 	1 	: 	: 	: 	: 	: 	: 
M,PAS,TOTAL,INTL_XEU27_2020,PAS_CRD,SE_ESNN	9 	0 	28 	4 	0 	4 	0 	0 	0 	0 	: 	: 	: 	: 	: 	: 
M,PAS,TOTAL,INTL_XEU27_2020,PAS_CRD,SE_ESNQ	8 	0 	0 	2 	0 	0 	0 	0 	2 	2 	: 	: 	: 	: 	: 	: 
M,PAS,TOTAL,INTL_XEU27_2020,PAS_CRD,SE_ESNS	12 	4 	0 	0 	0 	0 	0 	4 	2 	0 	: 	: 	: 	: 	: 	: 
M,PAS,TOTAL,INTL_XEU27_2020,PAS_CRD,SE_ESNU	0 	0 	1 	0 	0 	180 	179 	0 	0 	4 	: 	: 	: 	: 	: 	: 
M,PAS,TOTAL,INTL_XEU27_2020,PAS_CRD,SE_ESNZ	0 	0 	74 	6 	25 	3 	0 	13 	15 	9 	: 	: 	: 	: 	: 	: 
M,PAS,TOTAL,INTL_XEU27_2020,PAS_CRD,SE_ESOE	2148 	2810 	2569 	3072 	2001 	58 	0 	0 	0 	0 	: 	: 	: 	: 	: 	: 
M,PAS,TOTAL,INTL_XEU27_2020,PAS_CRD,SE_ESPA	10 	28 	28 	46 	0 	193 	317 	580 	986 	1326 	: 	: 	: 	: 	: 	: 
M,PAS,TOTAL,INTL_XEU27_2020,PAS_CRD,SE_ESSA	508517 	574456 	645722 	624401 	512955 	533402 	471958 	528515 	491149 	465842 	: 	: 	: 	: 	: 	: 
M,PAS,TOTAL,INTL_XEU27_2020,PAS_CRD,SE_ESSB	88 	65 	61 	136 	136 	63 	83 	98 	153 	138 	: 	: 	: 	: 	: 	: 
M,PAS,TOTAL,INTL_XEU27_2020,PAS_CRD,SE_ESSV	0 	14 	7 	0 	2 	0 	0 	0 	0 	0 	: 	: 	: 	: 	: 	: 
M,PAS,TOTAL,INTL_XEU27_2020,PAS_CRD,SE_ESTA	34 	23 	74 	26 	22 	32 	47 	11 	3 	11 	: 	: 	: 	: 	: 	: 
M,PAS,TOTAL,INTL_XEU27_2020,PAS_CRD,SI_LJLJ	75557 	82217 	92423 	92382 	87781 	81692 	65944 	61558 	55365 	63053 	65839 	82498 	93803 	96750 	108863 	: 
M,PAS,TOTAL,INTL_XEU27_2020,PAS_CRD,SK_LZIB	83923 	133973 	162394 	159489 	123420 	84275 	62565 	68405 	62957 	73283 	90019 	103488 	121031 	175631 	221990 	226798 
M,PAS,TOTAL,INTL_XEU27_2020,PAS_CRD,SK_LZKZ	29392 	51818 	65135 	62174 	45809 	23155 	17467 	20320 	16052 	18303 	20039 	23907 	24898 	50231 	63924 	61366 
M,PAS,TOTAL,NAT,PAS_CRD,AT_LOWG	8537 	7721 	7377 	7295 	9047 	9500 	8652 	5492 	3225 	2942 	8158 	5478 	4482 	5388 	2215 	: 
M,PAS,TOTAL,NAT,PAS_CRD,AT_LOWI	8087 	8582 	8437 	9257 	9069 	9360 	11970 	11012 	11680 	11759 	12407 	8533 	8186 	9146 	8564 	: 
M,PAS,TOTAL,NAT,PAS_CRD,AT_LOWK	5621 	5774 	6277 	6407 	5786 	5406 	4963 	4189 	2467 	3128 	4141 	3893 	3827 	5492 	3832 	: 
M,PAS,TOTAL,NAT,PAS_CRD,AT_LOWL	21 	17 	38 	41 	26 	15 	15 	4 	169 	92 	12 	0 	21 	5 	0 	: 
M,PAS,TOTAL,NAT,PAS_CRD,AT_LOWS	53 	42 	105 	73 	48 	30 	31 	30 	45 	23 	47 	41 	58 	74 	51 	: 
M,PAS,TOTAL,NAT,PAS_CRD,AT_LOWW	22923 	23335 	23038 	23241 	24326 	25229 	25750 	21529 	18118 	18508 	24942 	18909 	16762 	20405 	15577 	: 
M,PAS,TOTAL,NAT,PAS_CRD,BE_EBAW	236 	244 	249 	295 	251 	185 	7 	1 	6 	0 	: 	: 	: 	: 	: 	: 
M,PAS,TOTAL,NAT,PAS_CRD,BE_EBBR	380 	21 	27 	1 	11 	296 	14 	17 	17 	17 	: 	: 	: 	: 	: 	: 
M,PAS,TOTAL,NAT,PAS_CRD,BE_EBCI	701 	0 	0 	0 	0 	126 	176 	0 	186 	0 	: 	: 	: 	: 	: 	: 
M,PAS,TOTAL,NAT,PAS_CRD,BE_EBLG	323 	0 	0 	0 	193 	0 	253 	0 	0 	0 	: 	: 	: 	: 	: 	: 
M,PAS,TOTAL,NAT,PAS_CRD,BE_EBOS	55 	87 	105 	104 	90 	48 	5 	6 	4 	23 	: 	: 	: 	: 	: 	: 
M,PAS,TOTAL,NAT,PAS_CRD,BG_LBBG	62 	2018 	6779 	7827 	2069 	0 	0 	0 	0 	0 	0 	64 	188 	2376 	: 	: 
M,PAS,TOTAL,NAT,PAS_CRD,BG_LBPD	0 	11 	0 	6 	1 	9 	4 	0 	0 	0 	3 	0 	14 	30 	: 	: 
M,PAS,TOTAL,NAT,PAS_CRD,BG_LBSF	18434 	22198 	29576 	30017 	22328 	19308 	16954 	18152 	15511 	15565 	17480 	18834 	21546 	24664 	: 	: 
M,PAS,TOTAL,NAT,PAS_CRD,BG_LBWN	18325 	21029 	23681 	23297 	21318 	19208 	16868 	17999 	15687 	15674 	17400 	18601 	21495 	23148 	: 	: 
M,PAS,TOTAL,NAT,PAS_CRD,CH_LFSB	7 	33 	13 	10 	357 	701 	5 	20 	34 	6 	144 	3 	0 	12 	: 	: 
M,PAS,TOTAL,NAT,PAS_CRD,CH_LSGG	36313 	40949 	52925 	48249 	37301 	41197 	38150 	45094 	43483 	41868 	42693 	54337 	45285 	49514 	: 	: 
M,PAS,TOTAL,NAT,PAS_CRD,CH_LSGS	820 	211 	261 	363 	934 	318 	137 	363 	119 	293 	458 	472 	315 	225 	: 	: 
M,PAS,TOTAL,NAT,PAS_CRD,CH_LSZA	18 	16 	24 	29 	5 	19 	12 	21 	17 	2 	13 	22 	14 	12 	: 	: 
M,PAS,TOTAL,NAT,PAS_CRD,CH_LSZB	23 	11 	13 	36 	14 	10 	44 	17 	89 	70 	27 	12 	6 	8 	: 	: 
M,PAS,TOTAL,NAT,PAS_CRD,CH_LSZH	35996 	40853 	52971 	48494 	37184 	41158 	37946 	45188 	43905 	42317 	43341 	54827 	46136 	50456 	: 	: 
M,PAS,TOTAL,NAT,PAS_CRD,CH_LSZR	5 	6 	0 	2 	0 	4 	0 	0 	110 	11 	10 	17 	2 	2 	: 	: 
M,PAS,TOTAL,NAT,PAS_CRD,CY_LCLK	136 	0 	0 	0 	0 	0 	0 	0 	0 	0 	0 	0 	0 	0 	0 	: 
M,PAS,TOTAL,NAT,PAS_CRD,CY_LCPH	0 	106 	0 	0 	0 	0 	0 	0 	0 	0 	0 	0 	0 	0 	0 	: 
M,PAS,TOTAL,NAT,PAS_CRD,CZ_LKCS	0 	0 	0 	3 	0 	0 	242 	5 	0 	2 	0 	0 	0 	: 	: 	: 
M,PAS,TOTAL,NAT,PAS_CRD,CZ_LKKV	0 	5 	28 	0 	5 	5 	12 	1 	0 	0 	5 	118 	0 	: 	: 	: 
M,PAS,TOTAL,NAT,PAS_CRD,CZ_LKMT	1012 	4114 	5429 	5143 	4580 	1929 	995 	20 	19 	12 	119 	159 	58 	: 	: 	: 
M,PAS,TOTAL,NAT,PAS_CRD,CZ_LKPD	0 	45 	375 	0 	17 	181 	0 	0 	20 	0 	0 	0 	0 	: 	: 	: 
M,PAS,TOTAL,NAT,PAS_CRD,CZ_LKPR	506 	137 	352 	116 	474 	92 	127 	73 	51 	46 	171 	77 	74 	: 	: 	: 
M,PAS,TOTAL,NAT,PAS_CRD,CZ_LKTB	44 	15 	612 	192 	40 	7 	6 	21 	27 	14 	28 	5 	15 	: 	: 	: 
M,PAS,TOTAL,NAT,PAS_CRD,DE_EDDB	275625 	271688 	265504 	215355 	304916 	302990 	288268 	236651 	201245 	192825 	258549 	223779 	270709 	: 	: 	: 
M,PAS,TOTAL,NAT,PAS_CRD,DE_EDDC	39544 	39408 	34681 	35154 	42207 	40820 	36670 	33785 	25913 	28851 	33729 	29519 	37726 	: 	: 	: 
M,PAS,TOTAL,NAT,PAS_CRD,DE_EDDE	15 	67 	24 	42 	12 	28 	22 	24 	39 	58 	69 	12 	6 	: 	: 	: 
M,PAS,TOTAL,NAT,PAS_CRD,DE_EDDF	497915 	490429 	477122 	455463 	525892 	533938 	512888 	453601 	388757 	377208 	475083 	429263 	552921 	: 	: 	: 
M,PAS,TOTAL,NAT,PAS_CRD,DE_EDDG	21325 	19172 	21257 	19226 	22647 	23620 	22262 	19645 	17111 	18193 	22290 	16855 	20890 	: 	: 	: 
M,PAS,TOTAL,NAT,PAS_CRD,DE_EDDH	277964 	264104 	274835 	228067 	281768 	293119 	256796 	224390 	195347 	206919 	257696 	228387 	274213 	: 	: 	: 
M,PAS,TOTAL,NAT,PAS_CRD,DE_EDDK	63104 	60888 	58989 	43077 	67161 	68278 	61780 	48678 	44034 	46010 	56294 	41972 	44841 	: 	: 	: 
M,PAS,TOTAL,NAT,PAS_CRD,DE_EDDL	146956 	144641 	150558 	127945 	166159 	174326 	148641 	116617 	110140 	109380 	138949 	117931 	139165 	: 	: 	: 
M,PAS,TOTAL,NAT,PAS_CRD,DE_EDDM	553463 	541543 	552682 	464752 	600839 	614602 	519340 	456781 	398071 	396190 	493573 	410768 	466696 	: 	: 	: 
M,PAS,TOTAL,NAT,PAS_CRD,DE_EDDN	26280 	25480 	18665 	22208 	25652 	24362 	24611 	23718 	18713 	19198 	22546 	20943 	28154 	: 	: 	: 
M,PAS,TOTAL,NAT,PAS_CRD,DE_EDDP	29912 	27611 	22830 	20730 	27834 	29346 	24808 	19315 	17930 	15699 	19937 	20297 	28552 	: 	: 	: 
M,PAS,TOTAL,NAT,PAS_CRD,DE_EDDR	2711 	2706 	1808 	1721 	3086 	2539 	2731 	1550 	1226 	1774 	2425 	1853 	2046 	: 	: 	: 
M,PAS,TOTAL,NAT,PAS_CRD,DE_EDDS	114558 	101934 	105798 	84694 	106676 	106675 	97622 	81607 	68426 	73329 	92435 	77011 	85191 	: 	: 	: 
M,PAS,TOTAL,NAT,PAS_CRD,DE_EDDV	60938 	57986 	60620 	50766 	65410 	63754 	67399 	49942 	44643 	44058 	58531 	50162 	51784 	: 	: 	: 
M,PAS,TOTAL,NAT,PAS_CRD,DE_EDDW	62022 	58184 	60499 	52818 	64945 	69502 	62979 	53709 	43956 	43206 	54013 	46050 	55784 	: 	: 	: 
M,PAS,TOTAL,NAT,PAS_CRD,DE_EDFH	163 	496 	372 	32 	1 	7 	78 	11 	8 	178 	198 	4 	21 	: 	: 	: 
M,PAS,TOTAL,NAT,PAS_CRD,DE_EDJA	279 	340 	77 	458 	95 	308 	61 	46 	115 	51 	193 	46 	54 	: 	: 	: 
M,PAS,TOTAL,NAT,PAS_CRD,DE_EDLP	3781 	60 	109 	112 	4222 	4802 	3553 	1806 	1403 	1437 	1664 	2458 	2575 	: 	: 	: 
M,PAS,TOTAL,NAT,PAS_CRD,DE_EDLV	124 	61 	100 	22 	29 	41 	20 	13 	12 	5 	6 	17 	56 	: 	: 	: 
M,PAS,TOTAL,NAT,PAS_CRD,DE_EDLW	121 	109 	108 	377 	383 	366 	281 	314 	368 	214 	142 	256 	167 	: 	: 	: 
M,PAS,TOTAL,NAT,PAS_CRD,DE_EDNY	2716 	2111 	2836 	4893 	2736 	2177 	174 	43 	967 	1454 	2120 	4613 	4426 	: 	: 	: 
M,PAS,TOTAL,NAT,PAS_CRD,DE_EDSB	250 	32 	107 	200 	155 	65 	163 	81 	112 	55 	48 	24 	75 	: 	: 	: 
M,PAS,TOTAL,NAT,PAS_CRD,DK_EKAH	16222 	14372 	7340 	12342 	18137 	17342 	12520 	11109 	12250 	11930 	14653 	13845 	14818 	: 	: 	: 
M,PAS,TOTAL,NAT,PAS_CRD,DK_EKBI	17908 	18171 	20428 	17856 	17553 	18112 	13494 	11656 	13323 	12934 	16254 	18468 	18571 	: 	: 	: 
M,PAS,TOTAL,NAT,PAS_CRD,DK_EKCH	152930 	152687 	124079 	146845 	164273 	164346 	142251 	123525 	125276 	117519 	145272 	144988 	159048 	: 	: 	: 
M,PAS,TOTAL,NAT,PAS_CRD,DK_EKEB	2541 	2636 	2628 	1940 	2241 	2004 	2685 	1970 	2424 	2178 	2874 	3085 	3039 	: 	: 	: 
M,PAS,TOTAL,NAT,PAS_CRD,DK_EKKA	335 	292 	0 	0 	0 	11 	11 	0 	0 	0 	0 	645 	1344 	: 	: 	: 
M,PAS,TOTAL,NAT,PAS_CRD,DK_EKRK	405 	455 	1304 	625 	249 	193 	93 	68 	19 	44 	141 	321 	473 	: 	: 	: 
M,PAS,TOTAL,NAT,PAS_CRD,DK_EKRN	12688 	20291 	13016 	13877 	14609 	12332 	10912 	9300 	8795 	8399 	10425 	11592 	12755 	: 	: 	: 
M,PAS,TOTAL,NAT,PAS_CRD,DK_EKSB	5893 	5475 	3782 	4329 	5730 	5877 	6177 	5238 	3946 	3632 	5155 	5523 	5403 	: 	: 	: 
M,PAS,TOTAL,NAT,PAS_CRD,DK_EKYT	77818 	74342 	57688 	73969 	89580 	92558 	82185 	70917 	69653 	67469 	81509 	75133 	79986 	: 	: 	: 
M,PAS,TOTAL,NAT,PAS_CRD,EE_EETN	4090 	4350 	5030 	4638 	3802 	3874 	3351 	3244 	2850 	3011 	3381 	3640 	4034 	: 	: 	: 
M,PAS,TOTAL,NAT,PAS_CRD,EL_LGAL	25312 	28572 	30237 	28481 	28473 	27596 	29137 	30887 	25314 	24949 	27037 	: 	: 	: 	: 	: 
M,PAS,TOTAL,NAT,PAS_CRD,EL_LGAV	865590 	1008029 	1096464 	1111018 	1000802 	857704 	667262 	625835 	544397 	552615 	633193 	: 	: 	: 	: 	: 
M,PAS,TOTAL,NAT,PAS_CRD,EL_LGBL	68 	383 	789 	846 	722 	65 	135 	126 	52 	0 	129 	: 	: 	: 	: 	: 
M,PAS,TOTAL,NAT,PAS_CRD,EL_LGHI	24568 	29831 	36238 	41261 	29998 	24991 	23041 	23737 	21012 	21024 	21809 	: 	: 	: 	: 	: 
M,PAS,TOTAL,NAT,PAS_CRD,EL_LGIK	5321 	8729 	9946 	11048 	8770 	5163 	3452 	3233 	0 	0 	0 	: 	: 	: 	: 	: 
M,PAS,TOTAL,NAT,PAS_CRD,EL_LGIO	8200 	8228 	8549 	8283 	8685 	8692 	8811 	9544 	8996 	8439 	9393 	: 	: 	: 	: 	: 
M,PAS,TOTAL,NAT,PAS_CRD,EL_LGIR	162183 	172269 	182326 	187150 	173556 	165985 	156521 	157356 	126141 	135221 	145146 	: 	: 	: 	: 	: 
M,PAS,TOTAL,NAT,PAS_CRD,EL_LGKA	203 	223 	390 	438 	256 	230 	197 	318 	0 	0 	0 	: 	: 	: 	: 	: 
M,PAS,TOTAL,NAT,PAS_CRD,EL_LGKC	2534 	4553 	6162 	5925 	4657 	2528 	1464 	1411 	0 	0 	0 	: 	: 	: 	: 	: 
M,PAS,TOTAL,NAT,PAS_CRD,EL_LGKF	8218 	18048 	23793 	23927 	18786 	8005 	2280 	3971 	3625 	3184 	4199 	: 	: 	: 	: 	: 
M,PAS,TOTAL,NAT,PAS_CRD,EL_LGKJ	539 	1286 	1325 	1432 	1288 	507 	91 	117 	0 	0 	0 	: 	: 	: 	: 	: 
M,PAS,TOTAL,NAT,PAS_CRD,EL_LGKL	1589 	2194 	2925 	3815 	3361 	2398 	1100 	1119 	676 	1013 	1014 	: 	: 	: 	: 	: 
M,PAS,TOTAL,NAT,PAS_CRD,EL_LGKO	26005 	33073 	39449 	42853 	36373 	30103 	26799 	24480 	22435 	20217 	23643 	: 	: 	: 	: 	: 
M,PAS,TOTAL,NAT,PAS_CRD,EL_LGKP	5851 	9701 	12581 	14884 	9936 	7234 	3839 	3614 	0 	0 	0 	: 	: 	: 	: 	: 
M,PAS,TOTAL,NAT,PAS_CRD,EL_LGKR	35723 	53425 	58857 	61772 	51102 	37808 	25554 	27487 	13566 	24215 	26274 	: 	: 	: 	: 	: 
M,PAS,TOTAL,NAT,PAS_CRD,EL_LGKS	172 	664 	485 	749 	453 	266 	123 	105 	0 	0 	0 	: 	: 	: 	: 	: 
M,PAS,TOTAL,NAT,PAS_CRD,EL_LGKV	7418 	7501 	7091 	9182 	7896 	7656 	7763 	8479 	8159 	7716 	7682 	: 	: 	: 	: 	: 
M,PAS,TOTAL,NAT,PAS_CRD,EL_LGKY	1246 	1308 	1988 	2487 	1501 	1365 	937 	671 	0 	0 	0 	: 	: 	: 	: 	: 
M,PAS,TOTAL,NAT,PAS_CRD,EL_LGKZ	372 	263 	382 	352 	336 	347 	439 	600 	0 	0 	0 	: 	: 	: 	: 	: 
M,PAS,TOTAL,NAT,PAS_CRD,EL_LGLE	1343 	3497 	4506 	4678 	3250 	1394 	1133 	943 	0 	0 	0 	: 	: 	: 	: 	: 
M,PAS,TOTAL,NAT,PAS_CRD,EL_LGLM	9617 	15206 	21068 	23895 	13733 	9315 	7177 	7410 	5994 	6831 	7556 	: 	: 	: 	: 	: 
M,PAS,TOTAL,NAT,PAS_CRD,EL_LGMG	0 	0 	0 	0 	0 	0 	0 	0 	0 	0 	0 	: 	: 	: 	: 	: 
M,PAS,TOTAL,NAT,PAS_CRD,EL_LGMK	57935 	77953 	85185 	85658 	72522 	39284 	11463 	6983 	7119 	7365 	11510 	: 	: 	: 	: 	: 
M,PAS,TOTAL,NAT,PAS_CRD,EL_LGML	11823 	20731 	22472 	22098 	21159 	7596 	2762 	2160 	0 	0 	0 	: 	: 	: 	: 	: 
M,PAS,TOTAL,NAT,PAS_CRD,EL_LGMT	35892 	38754 	43982 	45258 	37538 	34371 	30399 	29795 	26008 	23965 	27417 	: 	: 	: 	: 	: 
M,PAS,TOTAL,NAT,PAS_CRD,EL_LGNX	21645 	38349 	43148 	43309 	36194 	18432 	6460 	5783 	0 	0 	0 	: 	: 	: 	: 	: 
M,PAS,TOTAL,NAT,PAS_CRD,EL_LGPA	38902 	55719 	67707 	65113 	51148 	25751 	10875 	8335 	0 	0 	0 	: 	: 	: 	: 	: 
M,PAS,TOTAL,NAT,PAS_CRD,EL_LGPL	1544 	3541 	5365 	5937 	4317 	1666 	1025 	714 	0 	0 	0 	: 	: 	: 	: 	: 
M,PAS,TOTAL,NAT,PAS_CRD,EL_LGPZ	828 	1882 	2343 	2610 	2118 	909 	202 	291 	388 	256 	313 	: 	: 	: 	: 	: 
M,PAS,TOTAL,NAT,PAS_CRD,EL_LGRP	78879 	86089 	94286 	108198 	92776 	88507 	76414 	68309 	62538 	57689 	66871 	: 	: 	: 	: 	: 
M,PAS,TOTAL,NAT,PAS_CRD,EL_LGRX	1 	1 	0 	0 	0 	0 	0 	0 	0 	0 	0 	: 	: 	: 	: 	: 
M,PAS,TOTAL,NAT,PAS_CRD,EL_LGSA	77083 	91182 	103224 	108431 	94295 	90500 	75895 	67605 	65315 	66361 	71183 	: 	: 	: 	: 	: 
M,PAS,TOTAL,NAT,PAS_CRD,EL_LGSK	4479 	10346 	12639 	12616 	11219 	4074 	1484 	1264 	1303 	1186 	1622 	: 	: 	: 	: 	: 
M,PAS,TOTAL,NAT,PAS_CRD,EL_LGSM	16274 	21524 	26785 	28625 	21130 	17225 	13463 	13180 	12291 	12233 	13670 	: 	: 	: 	: 	: 
M,PAS,TOTAL,NAT,PAS_CRD,EL_LGSO	1274 	3222 	3945 	3727 	3123 	1804 	949 	1261 	0 	0 	0 	: 	: 	: 	: 	: 
M,PAS,TOTAL,NAT,PAS_CRD,EL_LGSR	132891 	141955 	138390 	140136 	143269 	126329 	56235 	35293 	22202 	31758 	49956 	: 	: 	: 	: 	: 
M,PAS,TOTAL,NAT,PAS_CRD,EL_LGST	2385 	3312 	4959 	9478 	4306 	2720 	2007 	2381 	0 	0 	0 	: 	: 	: 	: 	: 
M,PAS,TOTAL,NAT,PAS_CRD,EL_LGSY	771 	1886 	2891 	3035 	1879 	703 	461 	426 	391 	775 	425 	: 	: 	: 	: 	: 
M,PAS,TOTAL,NAT,PAS_CRD,EL_LGTS	203689 	224672 	239836 	228327 	235674 	220378 	210553 	220117 	191608 	190024 	205889 	: 	: 	: 	: 	: 
M,PAS,TOTAL,NAT,PAS_CRD,EL_LGZA	8935 	13783 	15328 	15629 	13014 	7592 	4534 	4596 	3938 	1845 	4898 	: 	: 	: 	: 	: 
M,PAS,TOTAL,NAT,PAS_CRD,ES_GCFV	170180 	173043 	205232 	212286 	182659 	167340 	138844 	139329 	126601 	124633 	140255 	: 	: 	: 	: 	: 
M,PAS,TOTAL,NAT,PAS_CRD,ES_GCHI	24749 	25828 	30428 	34006 	28489 	26415 	25811 	23514 	21622 	22721 	22457 	: 	: 	: 	: 	: 
M,PAS,TOTAL,NAT,PAS_CRD,ES_GCLA	108363 	108094 	121392 	126681 	109630 	105403 	99742 	101951 	91862 	94594 	92307 	: 	: 	: 	: 	: 
M,PAS,TOTAL,NAT,PAS_CRD,ES_GCLP	658255 	660296 	701305 	700883 	646221 	649986 	584983 	606229 	544680 	530729 	599537 	: 	: 	: 	: 	: 
M,PAS,TOTAL,NAT,PAS_CRD,ES_GCRR	247034 	263334 	298760 	309261 	256223 	240435 	214583 	219162 	200552 	188224 	219466 	: 	: 	: 	: 	: 
M,PAS,TOTAL,NAT,PAS_CRD,ES_GCTS	98941 	102784 	106722 	111628 	93879 	92725 	70181 	75375 	69150 	65023 	72999 	: 	: 	: 	: 	: 
M,PAS,TOTAL,NAT,PAS_CRD,ES_GCXO	610096 	616922 	668129 	681261 	628331 	617740 	558594 	573104 	521868 	512888 	564788 	: 	: 	: 	: 	: 
M,PAS,TOTAL,NAT,PAS_CRD,ES_GEML	45544 	46962 	47485 	50734 	45847 	46531 	43392 	45259 	39385 	35105 	43445 	: 	: 	: 	: 	: 
M,PAS,TOTAL,NAT,PAS_CRD,ES_LEAL	224605 	229791 	234026 	239865 	219905 	218497 	179083 	177092 	155431 	154499 	190936 	: 	: 	: 	: 	: 
M,PAS,TOTAL,NAT,PAS_CRD,ES_LEAM	32401 	34023 	32522 	31239 	32836 	33502 	34404 	32469 	29269 	32936 	46990 	: 	: 	: 	: 	: 
M,PAS,TOTAL,NAT,PAS_CRD,ES_LEAS	134018 	146940 	159779 	156788 	146338 	139375 	123198 	123314 	110569 	105726 	134722 	: 	: 	: 	: 	: 
M,PAS,TOTAL,NAT,PAS_CRD,ES_LEBB	368365 	368684 	355148 	334014 	357034 	371721 	300272 	293403 	255784 	243355 	313292 	: 	: 	: 	: 	: 
M,PAS,TOTAL,NAT,PAS_CRD,ES_LEBL	1266558 	1291907 	1321737 	1292131 	1247108 	1263029 	1070238 	1068312 	971397 	977541 	1177643 	: 	: 	: 	: 	: 
M,PAS,TOTAL,NAT,PAS_CRD,ES_LECO	100589 	98746 	102375 	96851 	96802 	104465 	97570 	95967 	90107 	90838 	106140 	: 	: 	: 	: 	: 
M,PAS,TOTAL,NAT,PAS_CRD,ES_LEGE	626 	77 	156 	391 	363 	438 	394 	409 	433 	215 	1200 	: 	: 	: 	: 	: 
M,PAS,TOTAL,NAT,PAS_CRD,ES_LEGR	89866 	87816 	82622 	82887 	86894 	97618 	96187 	103967 	97385 	93837 	103216 	: 	: 	: 	: 	: 
M,PAS,TOTAL,NAT,PAS_CRD,ES_LEIB	335692 	420402 	480576 	476750 	400062 	304216 	220536 	208473 	180776 	187956 	244185 	: 	: 	: 	: 	: 
M,PAS,TOTAL,NAT,PAS_CRD,ES_LEJR	44478 	41258 	49762 	51869 	42466 	40620 	35569 	33854 	34126 	34704 	36696 	: 	: 	: 	: 	: 
M,PAS,TOTAL,NAT,PAS_CRD,ES_LEMD	1422613 	1473593 	1530566 	1475965 	1396702 	1414904 	1275131 	1302164 	1266134 	1240841 	1405469 	: 	: 	: 	: 	: 
M,PAS,TOTAL,NAT,PAS_CRD,ES_LEMG	405197 	426593 	478118 	481826 	433245 	387444 	300792 	314756 	275720 	296525 	362962 	: 	: 	: 	: 	: 
M,PAS,TOTAL,NAT,PAS_CRD,ES_LEMH	180695 	260966 	303700 	305809 	248515 	157975 	105070 	95784 	80421 	82138 	112912 	: 	: 	: 	: 	: 
M,PAS,TOTAL,NAT,PAS_CRD,ES_LEMI	7405 	12074 	13278 	14982 	11683 	8811 	7290 	7714 	6771 	6978 	8565 	: 	: 	: 	: 	: 
M,PAS,TOTAL,NAT,PAS_CRD,ES_LEPA	803757 	851742 	900478 	911115 	808774 	747945 	654327 	652910 	558599 	572858 	712353 	: 	: 	: 	: 	: 
M,PAS,TOTAL,NAT,PAS_CRD,ES_LEPP	19212 	19419 	20142 	18194 	18939 	21042 	19141 	19569 	18472 	17246 	20358 	: 	: 	: 	: 	: 
M,PAS,TOTAL,NAT,PAS_CRD,ES_LERS	16 	319 	1035 	934 	337 	1 	0 	99 	0 	0 	4 	: 	: 	: 	: 	: 
M,PAS,TOTAL,NAT,PAS_CRD,ES_LESO	42875 	45634 	45133 	43932 	43022 	42560 	31645 	32163 	28342 	26668 	33242 	: 	: 	: 	: 	: 
M,PAS,TOTAL,NAT,PAS_CRD,ES_LEST	237005 	247118 	263600 	265016 	242783 	220230 	135525 	144702 	108086 	106195 	139178 	: 	: 	: 	: 	: 
M,PAS,TOTAL,NAT,PAS_CRD,ES_LEVC	265639 	271706 	281012 	282253 	257547 	258196 	222211 	216252 	192743 	199855 	246072 	: 	: 	: 	: 	: 
M,PAS,TOTAL,NAT,PAS_CRD,ES_LEVD	3114 	2057 	4840 	6247 	3809 	4525 	6589 	9130 	7178 	6160 	5547 	: 	: 	: 	: 	: 
M,PAS,TOTAL,NAT,PAS_CRD,ES_LEVT	21608 	16833 	19528 	19609 	17662 	22632 	15934 	17885 	12537 	14600 	19462 	: 	: 	: 	: 	: 
M,PAS,TOTAL,NAT,PAS_CRD,ES_LEVX	87418 	89749 	99086 	106663 	87970 	87097 	92065 	92179 	72545 	74694 	90600 	: 	: 	: 	: 	: 
M,PAS,TOTAL,NAT,PAS_CRD,ES_LEXJ	49867 	51951 	57850 	60561 	51827 	52436 	43366 	49468 	42297 	38921 	49292 	: 	: 	: 	: 	: 
M,PAS,TOTAL,NAT,PAS_CRD,ES_LEZG	26685 	26727 	31879 	32288 	25735 	24654 	18172 	17455 	15059 	15273 	21538 	: 	: 	: 	: 	: 
M,PAS,TOTAL,NAT,PAS_CRD,ES_LEZL	417781 	384032 	397271 	397073 	400977 	404059 	330821 	340611 	311239 	326037 	377321 	: 	: 	: 	: 	: 
M,PAS,TOTAL,NAT,PAS_CRD,FI_EFHK	114950 	107532 	89719 	111043 	136150 	145475 	176048 	238231 	200698 	215685 	224628 	145532 	124201 	117988 	97895 	: 
M,PAS,TOTAL,NAT,PAS_CRD,FI_EFIV	2922 	5032 	4908 	5980 	7405 	6672 	13903 	30781 	25076 	28306 	29654 	9669 	2229 	3289 	3723 	: 
M,PAS,TOTAL,NAT,PAS_CRD,FI_EFJO	3548 	3311 	2375 	3372 	3908 	3702 	3436 	2799 	2753 	3353 	3932 	3502 	4074 	3442 	2440 	: 
M,PAS,TOTAL,NAT,PAS_CRD,FI_EFJY	2691 	1786 	506 	2234 	2984 	2807 	2492 	1696 	1990 	2600 	2749 	2738 	3019 	2082 	549 	: 
M,PAS,TOTAL,NAT,PAS_CRD,FI_EFKE	2851 	2616 	1714 	2167 	3258 	3422 	3104 	2617 	2248 	3009 	3304 	2798 	2951 	2270 	1860 	: 
M,PAS,TOTAL,NAT,PAS_CRD,FI_EFKI	3232 	3223 	2902 	3454 	3941 	4055 	3835 	3109 	3093 	3574 	3652 	3196 	3763 	3086 	2911 	: 
M,PAS,TOTAL,NAT,PAS_CRD,FI_EFKK	2890 	2786 	291 	2242 	3024 	3273 	2725 	2394 	2311 	2458 	2964 	3211 	3279 	3300 	289 	: 
M,PAS,TOTAL,NAT,PAS_CRD,FI_EFKS	1950 	2407 	2588 	2899 	3053 	2666 	5023 	8153 	9723 	10364 	10826 	3979 	2183 	2502 	2913 	: 
M,PAS,TOTAL,NAT,PAS_CRD,FI_EFKT	2433 	2871 	3057 	3814 	5964 	6099 	15120 	30236 	27528 	33305 	39321 	20952 	2095 	2515 	2640 	: 
M,PAS,TOTAL,NAT,PAS_CRD,FI_EFKU	10545 	9657 	8095 	9159 	11479 	12022 	11357 	9086 	8747 	9621 	10912 	10282 	10607 	10286 	9201 	: 
M,PAS,TOTAL,NAT,PAS_CRD,FI_EFMA	1752 	2256 	1824 	1889 	1770 	1881 	1390 	1111 	1170 	1194 	1375 	1341 	1838 	2879 	2905 	: 
M,PAS,TOTAL,NAT,PAS_CRD,FI_EFOU	45948 	37439 	28655 	37365 	46129 	48301 	47417 	44011 	41714 	41725 	46335 	45348 	53419 	46581 	33611 	: 
M,PAS,TOTAL,NAT,PAS_CRD,FI_EFPO	884 	768 	12 	570 	957 	1020 	856 	656 	684 	614 	976 	914 	707 	732 	0 	: 
M,PAS,TOTAL,NAT,PAS_CRD,FI_EFRO	23849 	24839 	24007 	28016 	33006 	39746 	56265 	95367 	66978 	68234 	59665 	27463 	23070 	25395 	24516 	: 
M,PAS,TOTAL,NAT,PAS_CRD,FI_EFSA	494 	658 	827 	293 	630 	492 	601 	439 	210 	312 	375 	413 	365 	426 	818 	: 
M,PAS,TOTAL,NAT,PAS_CRD,FI_EFTP	0 	15 	0 	13 	58 	0 	0 	7 	5 	0 	22 	14 	107 	158 	6 	: 
M,PAS,TOTAL,NAT,PAS_CRD,FI_EFTU	653 	725 	449 	490 	592 	651 	518 	332 	393 	409 	558 	503 	633 	624 	461 	: 
M,PAS,TOTAL,NAT,PAS_CRD,FI_EFVA	9410 	8601 	8102 	7976 	9253 	9897 	9138 	7725 	6873 	7307 	9368 	10190 	10915 	9585 	9817 	: 
M,PAS,TOTAL,NAT,PAS_CRD,FR_FMCZ	24723 	29407 	45234 	44814 	27395 	28013 	23573 	33798 	31468 	20321 	: 	: 	: 	: 	: 	: 
M,PAS,TOTAL,NAT,PAS_CRD,FR_FMEE	136614 	137484 	199537 	193797 	141137 	171037 	153573 	179561 	160238 	110755 	: 	: 	: 	: 	: 	: 
M,PAS,TOTAL,NAT,PAS_CRD,FR_LFBD	193832 	192444 	153575 	156045 	181679 	194430 	156413 	177096 	138591 	140799 	: 	: 	: 	: 	: 	: 
M,PAS,TOTAL,NAT,PAS_CRD,FR_LFBE	21 	8 	15 	3 	14 	92 	73 	4 	0 	0 	: 	: 	: 	: 	: 	: 
M,PAS,TOTAL,NAT,PAS_CRD,FR_LFBH	7432 	7547 	8438 	8495 	6977 	7740 	5084 	7517 	5258 	5765 	: 	: 	: 	: 	: 	: 
M,PAS,TOTAL,NAT,PAS_CRD,FR_LFBL	3478 	3279 	3635 	3294 	2551 	3267 	856 	918 	755 	1238 	: 	: 	: 	: 	: 	: 
M,PAS,TOTAL,NAT,PAS_CRD,FR_LFBO	271784 	285985 	201336 	181910 	265797 	288600 	275618 	289217 	242865 	246470 	: 	: 	: 	: 	: 	: 
M,PAS,TOTAL,NAT,PAS_CRD,FR_LFBP	19540 	21963 	18429 	17132 	19391 	20419 	19041 	19807 	18230 	18366 	: 	: 	: 	: 	: 	: 
M,PAS,TOTAL,NAT,PAS_CRD,FR_LFBT	16035 	16868 	16425 	16171 	15441 	17124 	14788 	16755 	13576 	13774 	: 	: 	: 	: 	: 	: 
M,PAS,TOTAL,NAT,PAS_CRD,FR_LFBZ	57322 	64195 	60588 	54235 	56779 	55028 	33400 	35968 	33199 	33019 	: 	: 	: 	: 	: 	: 
M,PAS,TOTAL,NAT,PAS_CRD,FR_LFKB	122095 	137993 	158083 	185328 	130451 	120892 	75757 	82945 	66333 	62207 	: 	: 	: 	: 	: 	: 
M,PAS,TOTAL,NAT,PAS_CRD,FR_LFKC	33106 	40299 	55509 	69669 	37485 	25072 	12324 	12282 	9116 	9010 	: 	: 	: 	: 	: 	: 
M,PAS,TOTAL,NAT,PAS_CRD,FR_LFKF	78606 	98463 	134223 	156663 	84575 	63438 	21997 	21043 	15695 	15856 	: 	: 	: 	: 	: 	: 
M,PAS,TOTAL,NAT,PAS_CRD,FR_LFKJ	146968 	168342 	204953 	229400 	154647 	134456 	69428 	74727 	58198 	56012 	: 	: 	: 	: 	: 	: 
M,PAS,TOTAL,NAT,PAS_CRD,FR_LFLB	41 	16 	205 	28 	51 	49 	12 	629 	752 	752 	: 	: 	: 	: 	: 	: 
M,PAS,TOTAL,NAT,PAS_CRD,FR_LFLC	11435 	11745 	10954 	9570 	11122 	12342 	10342 	10881 	9808 	9680 	: 	: 	: 	: 	: 	: 
M,PAS,TOTAL,NAT,PAS_CRD,FR_LFLL	191276 	221610 	191355 	163850 	195423 	202255 	158429 	175057 	165838 	149644 	: 	: 	: 	: 	: 	: 
M,PAS,TOTAL,NAT,PAS_CRD,FR_LFLS	16 	103 	81 	29 	55 	75 	12 	276 	266 	320 	: 	: 	: 	: 	: 	: 
M,PAS,TOTAL,NAT,PAS_CRD,FR_LFMK	12 	2 	33 	29 	8 	3 	9 	83 	0 	2 	: 	: 	: 	: 	: 	: 
M,PAS,TOTAL,NAT,PAS_CRD,FR_LFML	290476 	303654 	261258 	272726 	258058 	280318 	234900 	256030 	220146 	217767 	: 	: 	: 	: 	: 	: 
M,PAS,TOTAL,NAT,PAS_CRD,FR_LFMN	432309 	456790 	396602 	395200 	407350 	429094 	322738 	369162 	297006 	325009 	: 	: 	: 	: 	: 	: 
M,PAS,TOTAL,NAT,PAS_CRD,FR_LFMP	24195 	28746 	26401 	25193 	23833 	22719 	15027 	19057 	13741 	12852 	: 	: 	: 	: 	: 	: 
M,PAS,TOTAL,NAT,PAS_CRD,FR_LFMT	90227 	93381 	80182 	78264 	77922 	81324 	62430 	78566 	59053 	60849 	: 	: 	: 	: 	: 	: 
M,PAS,TOTAL,NAT,PAS_CRD,FR_LFMU	6440 	6190 	6234 	6301 	4596 	3371 	0 	64 	7 	3 	: 	: 	: 	: 	: 	: 
M,PAS,TOTAL,NAT,PAS_CRD,FR_LFOB	11063 	10871 	13024 	13957 	9746 	8006 	236 	0 	86 	0 	: 	: 	: 	: 	: 	: 
M,PAS,TOTAL,NAT,PAS_CRD,FR_LFOK	195 	15 	5 	2 	181 	36 	82 	77 	266 	182 	: 	: 	: 	: 	: 	: 
M,PAS,TOTAL,NAT,PAS_CRD,FR_LFOT	9694 	9450 	10669 	9444 	7150 	6317 	38 	30 	102 	61 	: 	: 	: 	: 	: 	: 
M,PAS,TOTAL,NAT,PAS_CRD,FR_LFPG	617447 	665666 	717405 	716220 	588938 	632753 	574471 	631832 	591026 	541888 	: 	: 	: 	: 	: 	: 
M,PAS,TOTAL,NAT,PAS_CRD,FR_LFPO	725463 	770835 	798620 	793464 	666718 	700113 	625226 	700508 	681531 	665894 	: 	: 	: 	: 	: 	: 
M,PAS,TOTAL,NAT,PAS_CRD,FR_LFQQ	86260 	79135 	60895 	67913 	73155 	79485 	52170 	62294 	40684 	48449 	: 	: 	: 	: 	: 	: 
M,PAS,TOTAL,NAT,PAS_CRD,FR_LFRB	60329 	64576 	57936 	57722 	57080 	60544 	43854 	52106 	42833 	43118 	: 	: 	: 	: 	: 	: 
M,PAS,TOTAL,NAT,PAS_CRD,FR_LFRK	30640 	34697 	30264 	29210 	30446 	31939 	16104 	19233 	11161 	12592 	: 	: 	: 	: 	: 	: 
M,PAS,TOTAL,NAT,PAS_CRD,FR_LFRN	29268 	31097 	25895 	20016 	30361 	33879 	20642 	25115 	17663 	20654 	: 	: 	: 	: 	: 	: 
M,PAS,TOTAL,NAT,PAS_CRD,FR_LFRS	207842 	212574 	197407 	208281 	192018 	202103 	154616 	176761 	134210 	147031 	: 	: 	: 	: 	: 	: 
M,PAS,TOTAL,NAT,PAS_CRD,FR_LFRZ	580 	875 	370 	32 	860 	877 	763 	662 	818 	843 	: 	: 	: 	: 	: 	: 
M,PAS,TOTAL,NAT,PAS_CRD,FR_LFSB	0 	0 	0 	0 	0 	0 	0 	0 	0 	0 	: 	: 	: 	: 	: 	: 
M,PAS,TOTAL,NAT,PAS_CRD,FR_LFST	73045 	68637 	48136 	48508 	59997 	68040 	60237 	92336 	38882 	45799 	: 	: 	: 	: 	: 	: 
M,PAS,TOTAL,NAT,PAS_CRD,FR_LFTH	21115 	26824 	29620 	24087 	19685 	16473 	6111 	8637 	6598 	6643 	: 	: 	: 	: 	: 	: 
M,PAS,TOTAL,NAT,PAS_CRD,FR_LFTW	2 	5 	207 	21 	8 	4 	3 	0 	7 	5 	: 	: 	: 	: 	: 	: 
M,PAS,TOTAL,NAT,PAS_CRD,FR_SOCA	38632 	39701 	61272 	62003 	37684 	46939 	39753 	49656 	43280 	39860 	: 	: 	: 	: 	: 	: 
M,PAS,TOTAL,NAT,PAS_CRD,FR_TFFF	109738 	107822 	159834 	176666 	78538 	107162 	110323 	150083 	162008 	166727 	: 	: 	: 	: 	: 	: 
M,PAS,TOTAL,NAT,PAS_CRD,FR_TFFG	19382 	17569 	21024 	26853 	13018 	16392 	16411 	16469 	13888 	13949 	: 	: 	: 	: 	: 	: 
M,PAS,TOTAL,NAT,PAS_CRD,FR_TFFR	139073 	131051 	187814 	204355 	94218 	124640 	130952 	172373 	184068 	192489 	: 	: 	: 	: 	: 	: 
M,PAS,TOTAL,NAT,PAS_CRD,HR_LDDU	19330 	22746 	23265 	23518 	24325 	22146 	18373 	16834 	13971 	14001 	17127 	19630 	21891 	20725 	20980 	: 
M,PAS,TOTAL,NAT,PAS_CRD,HR_LDPL	2973 	4536 	4371 	4662 	4112 	3063 	1541 	1576 	1356 	1193 	1795 	2890 	3032 	3643 	3979 	: 
M,PAS,TOTAL,NAT,PAS_CRD,HR_LDRI	275 	361 	530 	443 	403 	216 	181 	200 	162 	258 	248 	0 	0 	63 	232 	: 
M,PAS,TOTAL,NAT,PAS_CRD,HR_LDSP	15823 	18719 	21928 	22116 	18698 	16452 	15742 	15660 	15526 	13847 	15976 	12940 	14406 	16053 	20281 	: 
M,PAS,TOTAL,NAT,PAS_CRD,HR_LDZA	38023 	45920 	50745 	51362 	46836 	42285 	36021 	34369 	31463 	29526 	35531 	36026 	40339 	41697 	46763 	: 
M,PAS,TOTAL,NAT,PAS_CRD,HR_LDZD	2326 	3143 	4216 	4553 	2936 	2645 	1289 	1163 	1274 	1248 	1927 	2972 	2998 	3168 	4230 	: 
M,PAS,TOTAL,NAT,PAS_CRD,HU_LHBP	0 	0 	0 	60 	0 	0 	0 	0 	0 	0 	0 	0 	0 	0 	: 	: 
M,PAS,TOTAL,NAT,PAS_CRD,HU_LHDC	3 	0 	8 	0 	4 	8 	3 	0 	0 	3 	0 	7 	14 	0 	: 	: 
M,PAS,TOTAL,NAT,PAS_CRD,IE_EICK	0 	0 	0 	0 	4 	0 	0 	180 	0 	0 	3 	96 	174 	: 	: 	: 
M,PAS,TOTAL,NAT,PAS_CRD,IE_EIDW	15207 	16720 	16727 	18193 	13629 	13961 	13145 	14189 	11920 	11856 	14035 	15206 	16010 	: 	: 	: 
M,PAS,TOTAL,NAT,PAS_CRD,IE_EIKN	0 	0 	0 	0 	0 	0 	0 	0 	0 	0 	0 	0 	245 	: 	: 	: 
M,PAS,TOTAL,NAT,PAS_CRD,IE_EIKY	10655 	11816 	11680 	12859 	9518 	10683 	10134 	10805 	9352 	9320 	11005 	12073 	11993 	: 	: 	: 
M,PAS,TOTAL,NAT,PAS_CRD,IE_EINN	22 	13 	15 	0 	14 	4 	0 	0 	0 	0 	5 	0 	18 	: 	: 	: 
M,PAS,TOTAL,NAT,PAS_CRD,IS_BIAR	16116 	14081 	15366 	15496 	15797 	14997 	13891 	12642 	12374 	13173 	14945 	13900 	15476 	15063 	: 	: 
M,PAS,TOTAL,NAT,PAS_CRD,IS_BIEG	8559 	8224 	8663 	8543 	7569 	7456 	6759 	6619 	6276 	6038 	6944 	7528 	8420 	8493 	: 	: 
M,PAS,TOTAL,NAT,PAS_CRD,IS_BIIS	2762 	3002 	3435 	3135 	2811 	2490 	1767 	1471 	1612 	1981 	1582 	2130 	2730 	3279 	: 	: 
M,PAS,TOTAL,NAT,PAS_CRD,IS_BIKF	15 	240 	318 	440 	40 	2 	0 	0 	0 	160 	0 	0 	0 	188 	: 	: 
M,PAS,TOTAL,NAT,PAS_CRD,IS_BIRK	28962 	27113 	30648 	30316 	28063 	26869 	24342 	22381 	21434 	22769 	25097 	25430 	29184 	28489 	: 	: 
M,PAS,TOTAL,NAT,PAS_CRD,IT_LIBC	33787 	32956 	33953 	32746 	28570 	31045 	22313 	23417 	21046 	19196 	23576 	30694 	32605 	: 	: 	: 
M,PAS,TOTAL,NAT,PAS_CRD,IT_LIBD	321210 	303823 	308876 	296492 	290392 	311257 	270333 	267000 	233743 	241484 	281038 	300335 	324986 	: 	: 	: 
M,PAS,TOTAL,NAT,PAS_CRD,IT_LIBP	24639 	49154 	53660 	51299 	49377 	45812 	36744 	36168 	30178 	34594 	38780 	40811 	48428 	: 	: 	: 
M,PAS,TOTAL,NAT,PAS_CRD,IT_LIBR	229662 	247607 	265545 	260659 	241556 	219050 	169105 	169684 	142428 	158323 	188383 	228887 	253709 	: 	: 	: 
M,PAS,TOTAL,NAT,PAS_CRD,IT_LICA	194542 	198457 	206450 	202175 	190703 	182818 	158630 	164002 	142028 	145552 	169414 	175230 	194615 	: 	: 	: 
M,PAS,TOTAL,NAT,PAS_CRD,IT_LICB	3723 	2423 	4335 	7226 	5740 	4495 	20876 	24672 	18648 	15939 	19710 	25493 	26789 	: 	: 	: 
M,PAS,TOTAL,NAT,PAS_CRD,IT_LICC	695441 	691812 	687202 	681153 	677798 	668343 	530405 	560635 	458876 	474139 	577698 	650695 	724655 	: 	: 	: 
M,PAS,TOTAL,NAT,PAS_CRD,IT_LICD	17048 	45885 	73958 	83704 	54632 	29142 	9107 	8536 	7430 	7350 	8683 	14253 	26791 	: 	: 	: 
M,PAS,TOTAL,NAT,PAS_CRD,IT_LICG	15285 	24667 	30660 	39517 	27113 	18278 	9474 	9078 	8101 	7951 	9761 	11815 	15445 	: 	: 	: 
M,PAS,TOTAL,NAT,PAS_CRD,IT_LICJ	580284 	584891 	606109 	579906 	588120 	568280 	439177 	451448 	365530 	381730 	481468 	523728 	571651 	: 	: 	: 
M,PAS,TOTAL,NAT,PAS_CRD,IT_LICR	68589 	68978 	71746 	67929 	66850 	65554 	54344 	60528 	45720 	52066 	62975 	73686 	77740 	: 	: 	: 
M,PAS,TOTAL,NAT,PAS_CRD,IT_LICT	86076 	85430 	90014 	86197 	81962 	77683 	34469 	37880 	40449 	37708 	48685 	83719 	98051 	: 	: 	: 
M,PAS,TOTAL,NAT,PAS_CRD,IT_LIEA	110488 	145636 	153922 	155048 	137786 	104863 	68894 	78791 	64767 	58354 	75496 	87250 	99534 	: 	: 	: 
M,PAS,TOTAL,NAT,PAS_CRD,IT_LIEE	343046 	390425 	416729 	419412 	389723 	343343 	244189 	261486 	217369 	212555 	266176 	320276 	353741 	: 	: 	: 
M,PAS,TOTAL,NAT,PAS_CRD,IT_LIEO	140702 	277294 	404408 	423673 	250634 	133836 	76902 	84125 	64400 	62750 	83690 	119503 	161302 	: 	: 	: 
M,PAS,TOTAL,NAT,PAS_CRD,IT_LIMC	408784 	458075 	492007 	492077 	454219 	439226 	338670 	345922 	263028 	297180 	349925 	317802 	427629 	: 	: 	: 
M,PAS,TOTAL,NAT,PAS_CRD,IT_LIME	317917 	323105 	333136 	333130 	321179 	305361 	240436 	241986 	210560 	219995 	267306 	344326 	354280 	: 	: 	: 
M,PAS,TOTAL,NAT,PAS_CRD,IT_LIMF	216369 	211633 	214551 	209578 	207722 	215862 	209373 	211329 	189283 	196028 	230464 	243916 	267823 	: 	: 	: 
M,PAS,TOTAL,NAT,PAS_CRD,IT_LIMJ	78176 	72337 	80440 	75164 	73400 	71794 	54853 	56280 	54843 	53493 	66808 	75808 	78409 	: 	: 	: 
M,PAS,TOTAL,NAT,PAS_CRD,IT_LIML	420557 	431052 	428612 	376287 	426657 	376397 	366751 	374014 	346640 	319905 	377575 	397966 	423669 	: 	: 	: 
M,PAS,TOTAL,NAT,PAS_CRD,IT_LIMP	14427 	13496 	14274 	14240 	13608 	12136 	31 	6 	4 	0 	0 	0 	0 	: 	: 	: 
M,PAS,TOTAL,NAT,PAS_CRD,IT_LIPE	268026 	279888 	291986 	276065 	251201 	255944 	177707 	186578 	171072 	157974 	205245 	250897 	279319 	: 	: 	: 
M,PAS,TOTAL,NAT,PAS_CRD,IT_LIPH	2442 	2858 	3285 	3166 	2721 	2119 	2344 	1935 	1811 	1739 	1722 	63 	101 	: 	: 	: 
M,PAS,TOTAL,NAT,PAS_CRD,IT_LIPO	227 	55 	76 	102 	78 	188 	150 	216 	8 	59 	229 	58 	455 	: 	: 	: 
M,PAS,TOTAL,NAT,PAS_CRD,IT_LIPQ	85412 	86950 	85713 	80880 	84580 	85400 	67046 	67477 	51607 	59369 	74640 	76241 	82318 	: 	: 	: 
M,PAS,TOTAL,NAT,PAS_CRD,IT_LIPR	11104 	9398 	9355 	9582 	8866 	9310 	45 	32 	31 	9 	549 	7794 	8392 	: 	: 	: 
M,PAS,TOTAL,NAT,PAS_CRD,IT_LIPX	134091 	155978 	167914 	172243 	153439 	136441 	99786 	113489 	94594 	92415 	109152 	122857 	132968 	: 	: 	: 
M,PAS,TOTAL,NAT,PAS_CRD,IT_LIPY	15587 	16732 	14633 	13362 	17436 	14170 	8312 	9022 	5567 	5877 	8818 	13142 	14060 	: 	: 	: 
M,PAS,TOTAL,NAT,PAS_CRD,IT_LIPZ	226143 	231911 	239672 	237439 	231319 	218252 	158922 	173565 	146968 	150529 	184556 	214045 	223781 	: 	: 	: 
M,PAS,TOTAL,NAT,PAS_CRD,IT_LIRA	27224 	36629 	44781 	42650 	31145 	24910 	13543 	14098 	13354 	12657 	15693 	27112 	29177 	: 	: 	: 
M,PAS,TOTAL,NAT,PAS_CRD,IT_LIRF	929789 	984687 	1021026 	942173 	972947 	862414 	725916 	749436 	688050 	638572 	785355 	820528 	900397 	: 	: 	: 
M,PAS,TOTAL,NAT,PAS_CRD,IT_LIRI	: 	: 	: 	: 	: 	: 	: 	: 	7068 	8826 	10878 	3931 	9293 	: 	: 	: 
M,PAS,TOTAL,NAT,PAS_CRD,IT_LIRN	348385 	326208 	322744 	313796 	326118 	325789 	244769 	254422 	229390 	217534 	271375 	312646 	342754 	: 	: 	: 
M,PAS,TOTAL,NAT,PAS_CRD,IT_LIRP	138641 	152039 	156504 	152016 	137001 	135196 	102120 	108299 	81991 	96731 	118312 	129424 	140973 	: 	: 	: 
M,PAS,TOTAL,NAT,PAS_CRD,IT_LIRQ	43158 	47019 	52743 	51578 	44163 	39939 	33024 	32766 	30669 	26261 	37050 	40899 	43501 	: 	: 	: 
M,PAS,TOTAL,NAT,PAS_CRD,IT_LIRZ	21787 	24904 	27586 	27356 	24957 	19635 	13557 	10078 	11139 	11442 	14303 	22415 	24376 	: 	: 	: 
M,PAS,TOTAL,NAT,PAS_CRD,LT_EYKA	1 	0 	0 	8 	0 	0 	0 	0 	0 	2 	0 	0 	0 	0 	0 	0 
M,PAS,TOTAL,NAT,PAS_CRD,LT_EYPA	0 	1 	0 	0 	0 	61 	0 	0 	0 	13 	0 	0 	0 	0 	0 	0 
M,PAS,TOTAL,NAT,PAS_CRD,LT_EYSA	0 	0 	16 	0 	0 	0 	0 	0 	0 	0 	0 	0 	0 	0 	0 	0 
M,PAS,TOTAL,NAT,PAS_CRD,LT_EYVI	0 	0 	2 	16 	2 	0 	0 	20 	0 	11 	0 	12 	0 	19 	16 	39 
M,PAS,TOTAL,NAT,PAS_CRD,LU_ELLX	0 	0 	0 	0 	0 	0 	0 	0 	0 	0 	0 	0 	0 	0 	0 	0 
M,PAS,TOTAL,NAT,PAS_CRD,LV_EVRA	0 	0 	0 	0 	0 	0 	0 	0 	0 	0 	0 	0 	0 	0 	: 	: 
M,PAS,TOTAL,NAT,PAS_CRD,ME_LYPG	0 	0 	0 	0 	0 	0 	0 	0 	0 	0 	: 	: 	: 	: 	: 	: 
M,PAS,TOTAL,NAT,PAS_CRD,ME_LYTV	0 	0 	0 	0 	0 	0 	0 	0 	0 	0 	: 	: 	: 	: 	: 	: 
M,PAS,TOTAL,NAT,PAS_CRD,MK_LWOH	0 	0 	0 	0 	0 	0 	0 	0 	0 	0 	0 	0 	0 	0 	: 	: 
M,PAS,TOTAL,NAT,PAS_CRD,MK_LWSK	0 	0 	0 	16 	0 	0 	0 	0 	0 	0 	0 	0 	0 	0 	: 	: 
M,PAS,TOTAL,NAT,PAS_CRD,MT_LMML	0 	0 	0 	0 	0 	0 	0 	0 	0 	0 	0 	0 	0 	0 	: 	: 
M,PAS,TOTAL,NAT,PAS_CRD,NL_EHAM	217 	750 	764 	625 	0 	151 	410 	186 	0 	0 	119 	0 	0 	: 	: 	: 
M,PAS,TOTAL,NAT,PAS_CRD,NL_EHBK	3 	4 	0 	8 	8 	6 	13 	8 	18 	72 	18 	159 	9 	: 	: 	: 
M,PAS,TOTAL,NAT,PAS_CRD,NL_EHEH	1 	0 	1 	0 	3 	0 	1 	0 	0 	2 	0 	156 	0 	: 	: 	: 
M,PAS,TOTAL,NAT,PAS_CRD,NL_EHGG	0 	0 	0 	8 	0 	0 	4 	0 	0 	0 	0 	12 	0 	: 	: 	: 
M,PAS,TOTAL,NAT,PAS_CRD,NL_EHRD	171 	3 	3 	7 	170 	191 	0 	3 	163 	0 	20 	7 	2 	: 	: 	: 
M,PAS,TOTAL,NAT,PAS_CRD,NO_ENAL	66366 	72552 	57252 	64415 	73367 	71750 	64096 	59670 	53941 	53898 	65576 	61195 	65319 	65847 	55986 	: 
M,PAS,TOTAL,NAT,PAS_CRD,NO_ENAT	32024 	35282 	33663 	33951 	33921 	33098 	28754 	27236 	24570 	26000 	30510 	28414 	29391 	31670 	30632 	: 
M,PAS,TOTAL,NAT,PAS_CRD,NO_ENBN	9996 	10016 	10268 	8745 	9386 	9442 	8759 	8307 	8085 	7988 	9549 	9087 	9636 	10842 	11888 	: 
M,PAS,TOTAL,NAT,PAS_CRD,NO_ENBO	162945 	186616 	180914 	179715 	181362 	171823 	143967 	130742 	127056 	141543 	164414 	158823 	172861 	184019 	178012 	: 
M,PAS,TOTAL,NAT,PAS_CRD,NO_ENBR	310096 	352441 	276644 	327225 	370937 	372227 	330780 	287797 	278352 	281524 	342164 	322424 	337625 	347917 	275888 	: 
M,PAS,TOTAL,NAT,PAS_CRD,NO_ENCN	48870 	54749 	41226 	50738 	56601 	55068 	51196 	42996 	41626 	42115 	50294 	47021 	49177 	51889 	39266 	: 
M,PAS,TOTAL,NAT,PAS_CRD,NO_ENDU	16578 	19660 	18832 	18290 	16859 	16939 	14977 	13744 	15354 	17232 	20406 	17941 	18375 	20853 	22521 	: 
M,PAS,TOTAL,NAT,PAS_CRD,NO_ENEV	68846 	81507 	91591 	84984 	78904 	73001 	58650 	59023 	52800 	62774 	74543 	66537 	74649 	87256 	98682 	: 
M,PAS,TOTAL,NAT,PAS_CRD,NO_ENFL	8279 	9500 	8831 	7596 	9511 	10076 	8321 	7966 	7963 	8551 	8733 	7419 	9219 	9317 	9138 	: 
M,PAS,TOTAL,NAT,PAS_CRD,NO_ENGM	944485 	1035277 	854964 	966432 	1047489 	1046592 	935119 	817395 	789595 	812472 	979564 	934515 	973837 	1002552 	856393 	: 
M,PAS,TOTAL,NAT,PAS_CRD,NO_ENHD	40000 	39597 	27702 	34107 	41674 	42675 	38711 	33883 	32203 	30808 	38807 	36927 	39030 	37251 	27791 	: 
M,PAS,TOTAL,NAT,PAS_CRD,NO_ENHF	12873 	13143 	9647 	10695 	12335 	11351 	10310 	9312 	10812 	10520 	13230 	12693 	13244 	13781 	10801 	: 
M,PAS,TOTAL,NAT,PAS_CRD,NO_ENKB	22735 	26432 	23189 	24550 	26347 	25224 	22117 	21667 	20597 	20669 	23342 	23012 	23864 	24765 	21724 	: 
M,PAS,TOTAL,NAT,PAS_CRD,NO_ENKR	26413 	31031 	31229 	31311 	29464 	27774 	23094 	25552 	23511 	23626 	27744 	26083 	28271 	30381 	32931 	: 
M,PAS,TOTAL,NAT,PAS_CRD,NO_ENLK	12934 	15577 	18504 	17001 	15944 	14967 	12137 	9689 	10409 	12464 	14458 	12916 	14157 	17036 	19514 	: 
M,PAS,TOTAL,NAT,PAS_CRD,NO_ENML	29521 	29864 	24778 	26620 	31245 	32702 	25382 	24011 	20542 	21949 	27995 	28223 	30413 	28091 	24110 	: 
M,PAS,TOTAL,NAT,PAS_CRD,NO_ENMS	6427 	6083 	4770 	5535 	7424 	7304 	5563 	5593 	6127 	5641 	6197 	6413 	6043 	7221 	5446 	: 
M,PAS,TOTAL,NAT,PAS_CRD,NO_ENOV	13577 	15286 	14243 	14290 	14562 	14022 	11798 	12002 	11379 	12283 	12968 	13078 	14192 	15696 	14430 	: 
M,PAS,TOTAL,NAT,PAS_CRD,NO_ENRA	9399 	9404 	7102 	7766 	11389 	11294 	10253 	9009 	9999 	9522 	10802 	9339 	10302 	10251 	7138 	: 
M,PAS,TOTAL,NAT,PAS_CRD,NO_ENSB	16602 	22728 	24692 	22117 	14206 	11505 	8468 	9424 	9452 	11575 	16063 	17863 	18619 	22277 	26293 	: 
M,PAS,TOTAL,NAT,PAS_CRD,NO_ENSG	5639 	3098 	2104 	5928 	6841 	6330 	6162 	5257 	5520 	5543 	7052 	6194 	7465 	8263 	6405 	: 
M,PAS,TOTAL,NAT,PAS_CRD,NO_ENSK	11834 	11573 	8802 	9724 	11702 	11710 	10572 	9238 	9880 	10026 	11560 	10880 	11315 	11704 	9031 	: 
M,PAS,TOTAL,NAT,PAS_CRD,NO_ENST	6934 	8198 	9102 	7844 	7590 	8306 	7806 	6469 	5079 	6758 	7738 	7140 	7416 	8552 	9985 	: 
M,PAS,TOTAL,NAT,PAS_CRD,NO_ENTC	165432 	184244 	162677 	170422 	187918 	206508 	182465 	177703 	171193 	179343 	195960 	168765 	166548 	180411 	168546 	: 
M,PAS,TOTAL,NAT,PAS_CRD,NO_ENTO	28756 	32057 	25197 	27654 	30590 	32236 	26632 	24831 	21648 	21533 	26745 	26847 	27461 	28356 	19573 	: 
M,PAS,TOTAL,NAT,PAS_CRD,NO_ENVA	285709 	293037 	188987 	246108 	309461 	317758 	276220 	230737 	229779 	237883 	288531 	267449 	275009 	278915 	196914 	: 
M,PAS,TOTAL,NAT,PAS_CRD,NO_ENVD	5828 	6415 	4664 	6371 	6714 	6948 	6656 	6004 	5966 	5985 	6978 	6509 	6559 	6487 	5366 	: 
M,PAS,TOTAL,NAT,PAS_CRD,NO_ENZV	200155 	207835 	134154 	174533 	210573 	212995 	196212 	158312 	161452 	160055 	195119 	190475 	190918 	191695 	126717 	: 
M,PAS,TOTAL,NAT,PAS_CRD,PL_EPBY	1937 	3314 	2885 	2956 	2623 	1898 	1443 	1722 	1423 	1832 	1929 	2351 	: 	: 	: 	: 
M,PAS,TOTAL,NAT,PAS_CRD,PL_EPGD	43475 	48991 	49888 	49090 	45283 	40486 	26840 	30430 	28515 	27492 	31463 	40183 	: 	: 	: 	: 
M,PAS,TOTAL,NAT,PAS_CRD,PL_EPKK	44777 	45569 	46313 	46435 	44646 	42759 	33214 	33407 	29948 	31513 	34831 	42897 	: 	: 	: 	: 
M,PAS,TOTAL,NAT,PAS_CRD,PL_EPKT	10373 	9685 	8719 	9466 	10217 	10246 	9850 	8394 	7679 	8611 	8961 	7963 	: 	: 	: 	: 
M,PAS,TOTAL,NAT,PAS_CRD,PL_EPLB	4768 	5134 	5352 	5810 	4484 	3856 	1847 	2780 	1536 	2001 	1829 	4423 	: 	: 	: 	: 
M,PAS,TOTAL,NAT,PAS_CRD,PL_EPLL	25 	0 	21 	0 	0 	0 	9 	19 	23 	13 	4 	12 	: 	: 	: 	: 
M,PAS,TOTAL,NAT,PAS_CRD,PL_EPMO	15 	7 	6 	40 	0 	0 	0 	42 	0 	158 	0 	0 	: 	: 	: 	: 
M,PAS,TOTAL,NAT,PAS_CRD,PL_EPPO	15477 	16094 	13894 	12690 	15529 	15899 	17137 	13610 	11948 	17243 	15397 	13533 	: 	: 	: 	: 
M,PAS,TOTAL,NAT,PAS_CRD,PL_EPRZ	19800 	21089 	21367 	22411 	19090 	17420 	15193 	16334 	14928 	14822 	16200 	18798 	: 	: 	: 	: 
M,PAS,TOTAL,NAT,PAS_CRD,PL_EPSC	16606 	17006 	16668 	16308 	16144 	14778 	9677 	9087 	7397 	7636 	9251 	13234 	: 	: 	: 	: 
M,PAS,TOTAL,NAT,PAS_CRD,PL_EPSY	949 	1036 	1259 	1274 	988 	724 	623 	618 	773 	386 	410 	711 	: 	: 	: 	: 
M,PAS,TOTAL,NAT,PAS_CRD,PL_EPWA	150140 	152816 	143289 	140372 	145395 	137343 	108410 	124033 	113484 	122492 	128588 	132961 	: 	: 	: 	: 
M,PAS,TOTAL,NAT,PAS_CRD,PL_EPWR	31229 	32113 	30434 	28341 	31252 	23982 	0 	22654 	23168 	25708 	26845 	27189 	: 	: 	: 	: 
M,PAS,TOTAL,NAT,PAS_CRD,PT_LPAZ	9608 	12876 	16504 	17924 	14100 	10032 	7776 	6850 	7066 	6651 	: 	: 	: 	: 	: 	: 
M,PAS,TOTAL,NAT,PAS_CRD,PT_LPBG	311 	361 	395 	562 	370 	274 	192 	261 	103 	176 	: 	: 	: 	: 	: 	: 
M,PAS,TOTAL,NAT,PAS_CRD,PT_LPBJ	4 	8 	5 	63 	4 	6 	11 	0 	0 	0 	: 	: 	: 	: 	: 	: 
M,PAS,TOTAL,NAT,PAS_CRD,PT_LPCR	870 	1284 	1707 	1761 	1255 	810 	598 	591 	623 	500 	: 	: 	: 	: 	: 	: 
M,PAS,TOTAL,NAT,PAS_CRD,PT_LPCS	684 	743 	1029 	1010 	970 	698 	376 	405 	277 	250 	: 	: 	: 	: 	: 	: 
M,PAS,TOTAL,NAT,PAS_CRD,PT_LPFL	10535 	15585 	18711 	19596 	15615 	8631 	3720 	3206 	3037 	2765 	: 	: 	: 	: 	: 	: 
M,PAS,TOTAL,NAT,PAS_CRD,PT_LPFR	53155 	58938 	65749 	64750 	61188 	57182 	38734 	37676 	36783 	34508 	: 	: 	: 	: 	: 	: 
M,PAS,TOTAL,NAT,PAS_CRD,PT_LPGR	6228 	7397 	9194 	10980 	7583 	5531 	5028 	4344 	4263 	3790 	: 	: 	: 	: 	: 	: 
M,PAS,TOTAL,NAT,PAS_CRD,PT_LPHR	26682 	36168 	40585 	45808 	33120 	21965 	15476 	14466 	12924 	12226 	: 	: 	: 	: 	: 	: 
M,PAS,TOTAL,NAT,PAS_CRD,PT_LPLA	81096 	97435 	112180 	124198 	94635 	76206 	62711 	60068 	52930 	49951 	: 	: 	: 	: 	: 	: 
M,PAS,TOTAL,NAT,PAS_CRD,PT_LPMA	204291 	209788 	215544 	222476 	204033 	202239 	160285 	160783 	142700 	150680 	: 	: 	: 	: 	: 	: 
M,PAS,TOTAL,NAT,PAS_CRD,PT_LPPD	196701 	218018 	241641 	263446 	218580 	179337 	128985 	124384 	112237 	107156 	: 	: 	: 	: 	: 	: 
M,PAS,TOTAL,NAT,PAS_CRD,PT_LPPI	20189 	28852 	35294 	38662 	29032 	18313 	10800 	10021 	8759 	7401 	: 	: 	: 	: 	: 	: 
M,PAS,TOTAL,NAT,PAS_CRD,PT_LPPM	541 	789 	1050 	1358 	911 	554 	169 	146 	103 	120 	: 	: 	: 	: 	: 	: 
M,PAS,TOTAL,NAT,PAS_CRD,PT_LPPR	198051 	206456 	211205 	223874 	201783 	194339 	148999 	151106 	143094 	140339 	: 	: 	: 	: 	: 	: 
M,PAS,TOTAL,NAT,PAS_CRD,PT_LPPS	18836 	29022 	32394 	34258 	27420 	20181 	6760 	6678 	7982 	6955 	: 	: 	: 	: 	: 	: 
M,PAS,TOTAL,NAT,PAS_CRD,PT_LPPT	358290 	361142 	386001 	404265 	361728 	345593 	273838 	265350 	241565 	244332 	: 	: 	: 	: 	: 	: 
M,PAS,TOTAL,NAT,PAS_CRD,PT_LPSJ	8929 	11954 	17356 	17256 	12080 	7535 	6189 	5959 	5440 	4379 	: 	: 	: 	: 	: 	: 
M,PAS,TOTAL,NAT,PAS_CRD,PT_LPVR	29 	304 	393 	428 	349 	235 	88 	85 	79 	58 	: 	: 	: 	: 	: 	: 
M,PAS,TOTAL,NAT,PAS_CRD,PT_LPVZ	162 	235 	343 	205 	265 	159 	49 	38 	36 	38 	: 	: 	: 	: 	: 	: 
M,PAS,TOTAL,NAT,PAS_CRD,RO_LRBC	23 	48 	5 	0 	15 	42 	52 	14 	20 	44 	17 	: 	: 	: 	: 	: 
M,PAS,TOTAL,NAT,PAS_CRD,RO_LRBV	: 	: 	: 	: 	: 	: 	: 	: 	14 	34 	33 	: 	: 	: 	: 	: 
M,PAS,TOTAL,NAT,PAS_CRD,RO_LRCL	33749 	32117 	29799 	27319 	31063 	35943 	36362 	29147 	24060 	29991 	33952 	: 	: 	: 	: 	: 
M,PAS,TOTAL,NAT,PAS_CRD,RO_LRCV	59 	20 	60 	158 	132 	27 	53 	80 	177 	38 	0 	: 	: 	: 	: 	: 
M,PAS,TOTAL,NAT,PAS_CRD,RO_LRIA	16758 	14676 	15981 	13367 	16725 	18021 	14770 	11944 	11156 	12091 	14772 	: 	: 	: 	: 	: 
M,PAS,TOTAL,NAT,PAS_CRD,RO_LROD	11709 	10081 	10032 	8813 	9585 	12348 	11151 	10379 	7954 	9673 	10494 	: 	: 	: 	: 	: 
M,PAS,TOTAL,NAT,PAS_CRD,RO_LROP	92351 	83927 	82832 	74677 	87123 	102587 	94668 	79516 	64918 	78127 	92837 	: 	: 	: 	: 	: 
M,PAS,TOTAL,NAT,PAS_CRD,RO_LRSB	32 	22 	33 	30 	62 	21 	16 	57 	52 	18 	5 	: 	: 	: 	: 	: 
M,PAS,TOTAL,NAT,PAS_CRD,RO_LRSM	0 	0 	0 	0 	0 	0 	0 	0 	: 	: 	: 	: 	: 	: 	: 	: 
M,PAS,TOTAL,NAT,PAS_CRD,RO_LRSV	4341 	4029 	4314 	4548 	4262 	5002 	4138 	4053 	3534 	3621 	4121 	: 	: 	: 	: 	: 
M,PAS,TOTAL,NAT,PAS_CRD,RO_LRTM	3 	6 	0 	0 	0 	18 	30 	12 	2 	3 	23 	: 	: 	: 	: 	: 
M,PAS,TOTAL,NAT,PAS_CRD,RO_LRTR	25069 	20828 	19599 	17416 	22872 	29905 	26651 	22626 	18106 	22458 	27541 	: 	: 	: 	: 	: 
M,PAS,TOTAL,NAT,PAS_CRD,RS_LYBE	916 	1053 	1268 	1354 	724 	621 	693 	723 	631 	524 	608 	: 	: 	: 	: 	: 
M,PAS,TOTAL,NAT,PAS_CRD,RS_LYNI	916 	1054 	1258 	1267 	725 	621 	693 	724 	632 	517 	608 	: 	: 	: 	: 	: 
M,PAS,TOTAL,NAT,PAS_CRD,SE_ESDF	9134 	8017 	3031 	6462 	10040 	11052 	11355 	7880 	7604 	8016 	: 	: 	: 	: 	: 	: 
M,PAS,TOTAL,NAT,PAS_CRD,SE_ESGG	52233 	46143 	28946 	37827 	52746 	50425 	45158 	38427 	35963 	35439 	: 	: 	: 	: 	: 	: 
M,PAS,TOTAL,NAT,PAS_CRD,SE_ESKN	9 	18 	8 	5 	3 	10 	26 	4 	1 	3 	: 	: 	: 	: 	: 	: 
M,PAS,TOTAL,NAT,PAS_CRD,SE_ESMQ	6472 	6207 	3046 	5603 	7238 	7260 	6867 	4936 	4656 	5693 	: 	: 	: 	: 	: 	: 
M,PAS,TOTAL,NAT,PAS_CRD,SE_ESMS	34933 	30669 	11340 	24025 	35193 	34632 	40452 	27599 	27015 	27728 	: 	: 	: 	: 	: 	: 
M,PAS,TOTAL,NAT,PAS_CRD,SE_ESMX	12 	766 	218 	537 	1243 	1316 	1361 	1024 	961 	989 	: 	: 	: 	: 	: 	: 
M,PAS,TOTAL,NAT,PAS_CRD,SE_ESNN	6029 	3692 	22 	3478 	6447 	6208 	5741 	3298 	3105 	4521 	: 	: 	: 	: 	: 	: 
M,PAS,TOTAL,NAT,PAS_CRD,SE_ESNQ	13076 	17549 	19316 	22687 	17580 	14885 	16670 	26956 	25337 	25490 	: 	: 	: 	: 	: 	: 
M,PAS,TOTAL,NAT,PAS_CRD,SE_ESNS	24711 	24859 	18616 	22515 	24620 	24635 	20012 	19174 	16231 	16663 	: 	: 	: 	: 	: 	: 
M,PAS,TOTAL,NAT,PAS_CRD,SE_ESNU	67411 	58790 	45585 	57784 	69215 	74066 	64775 	54236 	51058 	53050 	: 	: 	: 	: 	: 	: 
M,PAS,TOTAL,NAT,PAS_CRD,SE_ESNZ	19648 	14420 	1816 	14865 	22064 	23286 	21892 	21279 	22967 	27153 	: 	: 	: 	: 	: 	: 
M,PAS,TOTAL,NAT,PAS_CRD,SE_ESOE	4 	2 	7 	0 	0 	0 	0 	0 	96 	548 	: 	: 	: 	: 	: 	: 
M,PAS,TOTAL,NAT,PAS_CRD,SE_ESPA	91976 	87779 	83941 	90988 	95405 	100971 	93144 	89740 	79183 	85786 	: 	: 	: 	: 	: 	: 
M,PAS,TOTAL,NAT,PAS_CRD,SE_ESSA	378918 	358127 	254182 	336873 	398608 	401395 	374585 	330374 	309694 	331108 	: 	: 	: 	: 	: 	: 
M,PAS,TOTAL,NAT,PAS_CRD,SE_ESSB	1240 	2058 	504 	1654 	2800 	2938 	4777 	4069 	3345 	3903 	: 	: 	: 	: 	: 	: 
M,PAS,TOTAL,NAT,PAS_CRD,SE_ESSV	22984 	35875 	31460 	26998 	23075 	21428 	19201 	16479 	13571 	14652 	: 	: 	: 	: 	: 	: 
M,PAS,TOTAL,NAT,PAS_CRD,SE_ESTA	15396 	14500 	8795 	14246 	17897 	17717 	16798 	12213 	11348 	11824 	: 	: 	: 	: 	: 	: 
M,PAS,TOTAL,NAT,PAS_CRD,SI_LJLJ	0 	0 	0 	0 	0 	0 	0 	0 	0 	0 	0 	0 	0 	0 	0 	: 
M,PAS,TOTAL,NAT,PAS_CRD,SK_LZIB	53 	279 	117 	115 	79 	77 	5818 	16340 	14534 	14797 	18257 	20535 	23698 	23627 	21308 	21504 
M,PAS,TOTAL,NAT,PAS_CRD,SK_LZKZ	35 	299 	442 	73 	39 	36 	5778 	16265 	14459 	14735 	18210 	20522 	23460 	23616 	21306 	21673 
M,PAS,TOTAL,NAT,PAS_CRD,TR_LTAC	859729 	881352 	956834 	993444 	939016 	873492 	843264 	839773 	894680 	749032 	: 	: 	: 	: 	: 	: 
M,PAS,TOTAL,NAT,PAS_CRD,TR_LTAI	579609 	629561 	678192 	733853 	634497 	624014 	584351 	501629 	545747 	438068 	: 	: 	: 	: 	: 	: 
M,PAS,TOTAL,NAT,PAS_CRD,TR_LTAJ	227490 	225206 	243773 	249154 	234712 	236614 	214646 	202047 	211924 	176272 	: 	: 	: 	: 	: 	: 
M,PAS,TOTAL,NAT,PAS_CRD,TR_LTAL	4218 	5990 	6357 	7094 	4903 	4733 	4445 	3873 	4508 	3710 	: 	: 	: 	: 	: 	: 
M,PAS,TOTAL,NAT,PAS_CRD,TR_LTAN	66675 	63451 	68943 	69562 	67679 	66236 	68454 	63877 	67184 	56919 	: 	: 	: 	: 	: 	: 
M,PAS,TOTAL,NAT,PAS_CRD,TR_LTAP	11279 	13447 	12224 	12167 	11288 	10899 	11341 	12212 	10864 	9892 	: 	: 	: 	: 	: 	: 
M,PAS,TOTAL,NAT,PAS_CRD,TR_LTAR	42746 	44204 	48294 	49776 	43628 	42466 	39992 	36766 	34048 	30206 	: 	: 	: 	: 	: 	: 
M,PAS,TOTAL,NAT,PAS_CRD,TR_LTAS	2295 	3162 	3660 	3638 	3279 	2577 	2590 	1971 	2355 	1552 	: 	: 	: 	: 	: 	: 
M,PAS,TOTAL,NAT,PAS_CRD,TR_LTAT	70204 	72914 	75476 	79696 	73940 	69559 	72166 	68627 	77818 	59739 	: 	: 	: 	: 	: 	: 
M,PAS,TOTAL,NAT,PAS_CRD,TR_LTAU	197942 	188302 	200199 	215977 	211159 	214229 	185653 	172001 	181022 	161685 	: 	: 	: 	: 	: 	: 
M,PAS,TOTAL,NAT,PAS_CRD,TR_LTAW	13534 	14474 	16076 	17794 	16220 	15444 	12937 	13620 	12748 	12550 	: 	: 	: 	: 	: 	: 
M,PAS,TOTAL,NAT,PAS_CRD,TR_LTAY	37583 	33942 	34796 	36962 	35390 	36839 	39933 	37520 	37746 	34350 	: 	: 	: 	: 	: 	: 
M,PAS,TOTAL,NAT,PAS_CRD,TR_LTAZ	77162 	74950 	73520 	86051 	81814 	82489 	52354 	45581 	41534 	43924 	: 	: 	: 	: 	: 	: 
M,PAS,TOTAL,NAT,PAS_CRD,TR_LTBA	1554 	1655 	1830 	1682 	1361 	1745 	1756 	1529 	868 	1156 	: 	: 	: 	: 	: 	: 
M,PAS,TOTAL,NAT,PAS_CRD,TR_LTBH	21703 	18642 	22849 	23073 	21199 	20143 	9663 	8881 	9764 	8981 	: 	: 	: 	: 	: 	: 
M,PAS,TOTAL,NAT,PAS_CRD,TR_LTBJ	606941 	629247 	676924 	734143 	696744 	671859 	671727 	649364 	688199 	559730 	: 	: 	: 	: 	: 	: 
M,PAS,TOTAL,NAT,PAS_CRD,TR_LTBQ	0 	0 	0 	0 	0 	0 	0 	0 	0 	0 	: 	: 	: 	: 	: 	: 
M,PAS,TOTAL,NAT,PAS_CRD,TR_LTBR	17330 	17174 	17959 	18248 	16325 	15711 	14496 	12734 	14077 	13060 	: 	: 	: 	: 	: 	: 
M,PAS,TOTAL,NAT,PAS_CRD,TR_LTBS	165772 	230008 	286340 	297089 	264154 	193949 	92041 	82519 	77701 	71761 	: 	: 	: 	: 	: 	: 
M,PAS,TOTAL,NAT,PAS_CRD,TR_LTBU	2574 	2701 	2749 	2329 	2579 	2636 	2288 	2425 	2390 	2208 	: 	: 	: 	: 	: 	: 
M,PAS,TOTAL,NAT,PAS_CRD,TR_LTBY	0 	0 	1 	0 	0 	0 	0 	0 	127 	0 	: 	: 	: 	: 	: 	: 
M,PAS,TOTAL,NAT,PAS_CRD,TR_LTBZ	3134 	3506 	3334 	3726 	3262 	3230 	3832 	3476 	4193 	2984 	: 	: 	: 	: 	: 	: 
M,PAS,TOTAL,NAT,PAS_CRD,TR_LTCA	83104 	92625 	97516 	102721 	93617 	90019 	86334 	82879 	91564 	73483 	: 	: 	: 	: 	: 	: 
M,PAS,TOTAL,NAT,PAS_CRD,TR_LTCB	84188 	101703 	109856 	111722 	102056 	96786 	96404 	98262 	104481 	85457 	: 	: 	: 	: 	: 	: 
M,PAS,TOTAL,NAT,PAS_CRD,TR_LTCC	171371 	180280 	185470 	197433 	187221 	183604 	192418 	155191 	122161 	150299 	: 	: 	: 	: 	: 	: 
M,PAS,TOTAL,NAT,PAS_CRD,TR_LTCD	39131 	46274 	47898 	52917 	44776 	40435 	33298 	31248 	33989 	26870 	: 	: 	: 	: 	: 	: 
M,PAS,TOTAL,NAT,PAS_CRD,TR_LTCE	95284 	102644 	109997 	114627 	100766 	102365 	110885 	113430 	129271 	109387 	: 	: 	: 	: 	: 	: 
M,PAS,TOTAL,NAT,PAS_CRD,TR_LTCF	48146 	55777 	57260 	54526 	52794 	48856 	51805 	45528 	58482 	51044 	: 	: 	: 	: 	: 	: 
M,PAS,TOTAL,NAT,PAS_CRD,TR_LTCG	254983 	281522 	320009 	348950 	297530 	253812 	240765 	222999 	233229 	187442 	: 	: 	: 	: 	: 	: 
M,PAS,TOTAL,NAT,PAS_CRD,TR_LTCI	103117 	123728 	114131 	117400 	17573 	0 	36431 	121803 	143756 	116404 	: 	: 	: 	: 	: 	: 
M,PAS,TOTAL,NAT,PAS_CRD,TR_LTCJ	59098 	63583 	65271 	69759 	69895 	67640 	63505 	61805 	70184 	52805 	: 	: 	: 	: 	: 	: 
M,PAS,TOTAL,NAT,PAS_CRD,TR_LTCK	44974 	51216 	53864 	55611 	81219 	83738 	69500 	39183 	39613 	37662 	: 	: 	: 	: 	: 	: 
M,PAS,TOTAL,NAT,PAS_CRD,TR_LTCL	7087 	8469 	7812 	8022 	7731 	4436 	0 	0 	: 	: 	: 	: 	: 	: 	: 	: 
M,PAS,TOTAL,NAT,PAS_CRD,TR_LTCM	9846 	10510 	11949 	12233 	9916 	9656 	9653 	10410 	10076 	7689 	: 	: 	: 	: 	: 	: 
M,PAS,TOTAL,NAT,PAS_CRD,TR_LTCN	29041 	31171 	29892 	32877 	30857 	29595 	27369 	25461 	21426 	22275 	: 	: 	: 	: 	: 	: 
M,PAS,TOTAL,NAT,PAS_CRD,TR_LTCO	25186 	37696 	35942 	34962 	52035 	42523 	34606 	33497 	35153 	27816 	: 	: 	: 	: 	: 	: 
M,PAS,TOTAL,NAT,PAS_CRD,TR_LTCP	32474 	35137 	36377 	35925 	32700 	30730 	32005 	29053 	31486 	27722 	: 	: 	: 	: 	: 	: 
M,PAS,TOTAL,NAT,PAS_CRD,TR_LTCR	67297 	77254 	70422 	75206 	75402 	76891 	78291 	70878 	83835 	64479 	: 	: 	: 	: 	: 	: 
M,PAS,TOTAL,NAT,PAS_CRD,TR_LTCS	88664 	88761 	88505 	89927 	85796 	87469 	94729 	88817 	90352 	76229 	: 	: 	: 	: 	: 	: 
M,PAS,TOTAL,NAT,PAS_CRD,TR_LTCT	29537 	41759 	39267 	38308 	35857 	33242 	30251 	29409 	28861 	25818 	: 	: 	: 	: 	: 	: 
M,PAS,TOTAL,NAT,PAS_CRD,TR_LTCU	15492 	17340 	17429 	16987 	15142 	14992 	16812 	15719 	15052 	13861 	: 	: 	: 	: 	: 	: 
M,PAS,TOTAL,NAT,PAS_CRD,TR_LTCV	32642 	43383 	39668 	39693 	39794 	36168 	33876 	29731 	31146 	27168 	: 	: 	: 	: 	: 	: 
M,PAS,TOTAL,NAT,PAS_CRD,TR_LTCW	16465 	20512 	20173 	19903 	22814 	18556 	12354 	4614 	2075 	2350 	: 	: 	: 	: 	: 	: 
M,PAS,TOTAL,NAT,PAS_CRD,TR_LTDA	31672 	32275 	31061 	0 	64236 	67192 	66235 	64132 	62202 	55632 	: 	: 	: 	: 	: 	: 
M,PAS,TOTAL,NAT,PAS_CRD,TR_LTDB	350009 	345078 	356747 	389323 	340813 	343307 	354124 	343678 	376284 	300438 	: 	: 	: 	: 	: 	: 
M,PAS,TOTAL,NAT,PAS_CRD,TR_LTFC	4763 	5466 	5084 	5028 	4043 	5229 	5021 	4811 	4725 	4012 	: 	: 	: 	: 	: 	: 
M,PAS,TOTAL,NAT,PAS_CRD,TR_LTFD	17004 	28625 	34126 	38319 	27614 	18631 	11311 	11116 	10972 	9896 	: 	: 	: 	: 	: 	: 
M,PAS,TOTAL,NAT,PAS_CRD,TR_LTFE	208489 	305171 	405934 	432733 	330866 	208532 	111825 	103723 	102560 	89708 	: 	: 	: 	: 	: 	: 
M,PAS,TOTAL,NAT,PAS_CRD,TR_LTFG	34392 	41190 	44348 	49924 	41697 	41423 	30619 	27639 	25232 	20761 	: 	: 	: 	: 	: 	: 
M,PAS,TOTAL,NAT,PAS_CRD,TR_LTFH	117529 	122538 	136566 	140899 	127437 	124419 	122612 	123892 	129576 	107224 	: 	: 	: 	: 	: 	: 
M,PAS,TOTAL,NAT,PAS_CRD,TR_LTFJ	1776959 	1890572 	2047967 	2114705 	1989246 	1879022 	1758770 	1752067 	1757075 	1515300 	: 	: 	: 	: 	: 	: 
M,PAS,TOTAL,NAT,PAS_CRD,TR_LTFM	1514232 	1755874 	1857173 	1888846 	1667714 	1556036 	1396678 	1271604 	1339013 	1169092 	: 	: 	: 	: 	: 	: 
M,PAS,TOTAL,NAT,PAS_CRD,TR_LTFO	81766 	103682 	111898 	116102 	111947 	106140 	99761 	97051 	107704 	88447 	: 	: 	: 	: 	: 	: 
M,PAS,TOTAL,TOTAL,PAS_CRD,AT_LOWG	77231 	88437 	90753 	92782 	90764 	78965 	61800 	53019 	42294 	47281 	59416 	63561 	72506 	82811 	89283 	: 
M,PAS,TOTAL,TOTAL,PAS_CRD,AT_LOWI	26654 	35934 	36846 	39639 	34585 	18988 	18369 	109036 	189877 	186148 	182293 	43319 	27445 	36653 	39081 	: 
M,PAS,TOTAL,TOTAL,PAS_CRD,AT_LOWK	21357 	21409 	21819 	24825 	20392 	17454 	6779 	7307 	4763 	6005 	6644 	13636 	17349 	20231 	20204 	: 
M,PAS,TOTAL,TOTAL,PAS_CRD,AT_LOWL	30200 	35185 	37902 	42171 	37535 	20617 	7776 	6761 	6180 	8110 	7627 	16033 	27173 	29013 	32207 	: 
M,PAS,TOTAL,TOTAL,PAS_CRD,AT_LOWS	120989 	138564 	158503 	172192 	144423 	124740 	90992 	160542 	213821 	212130 	179210 	102358 	126555 	142037 	171578 	: 
M,PAS,TOTAL,TOTAL,PAS_CRD,AT_LOWW	2857778 	2986224 	3269392 	3393989 	3149919 	3065868 	2391838 	2511378 	1878352 	1903271 	2250086 	2571337 	2741265 	2840661 	3136179 	: 
M,PAS,TOTAL,TOTAL,PAS_CRD,BE_EBAW	15947 	16831 	28413 	29683 	29130 	24688 	11164 	11160 	11333 	10719 	: 	: 	: 	: 	: 	: 
M,PAS,TOTAL,TOTAL,PAS_CRD,BE_EBBR	1991721 	2129341 	2503949 	2484302 	2269516 	2221208 	1648048 	1777493 	1567224 	1618796 	: 	: 	: 	: 	: 	: 
M,PAS,TOTAL,TOTAL,PAS_CRD,BE_EBCI	1057089 	976934 	1060198 	1110556 	1005260 	1035170 	838252 	899331 	739367 	809020 	: 	: 	: 	: 	: 	: 
M,PAS,TOTAL,TOTAL,PAS_CRD,BE_EBLG	6669 	118 	18840 	18348 	16187 	11730 	8552 	7326 	2417 	933 	: 	: 	: 	: 	: 	: 
M,PAS,TOTAL,TOTAL,PAS_CRD,BE_EBOS	36124 	38452 	44500 	45408 	48861 	41739 	23500 	20449 	20521 	21184 	: 	: 	: 	: 	: 	: 
M,PAS,TOTAL,TOTAL,PAS_CRD,BG_LBBG	86951 	324019 	528639 	530836 	280399 	38816 	0 	0 	0 	0 	0 	64 	99084 	323971 	: 	: 
M,PAS,TOTAL,TOTAL,PAS_CRD,BG_LBPD	13095 	13911 	11673 	11611 	14497 	16539 	18749 	25987 	28082 	24994 	25811 	19100 	18195 	20508 	: 	: 
M,PAS,TOTAL,TOTAL,PAS_CRD,BG_LBSF	736364 	705038 	713929 	764423 	764126 	767946 	642242 	716870 	645789 	644127 	683686 	745797 	790764 	759710 	: 	: 
M,PAS,TOTAL,TOTAL,PAS_CRD,BG_LBWN	135124 	223645 	295471 	323444 	227895 	142413 	97483 	108261 	88851 	79594 	90864 	115964 	152299 	268747 	: 	: 
M,PAS,TOTAL,TOTAL,PAS_CRD,CH_LFSB	807634 	821920 	858669 	914463 	848109 	903567 	569480 	710179 	457357 	515774 	626803 	419369 	342548 	820752 	: 	: 
M,PAS,TOTAL,TOTAL,PAS_CRD,CH_LSGG	1379734 	1462786 	1660238 	1663240 	1431204 	1519368 	1079078 	1538599 	1537802 	1499547 	1622032 	1425042 	1360726 	1358913 	: 	: 
M,PAS,TOTAL,TOTAL,PAS_CRD,CH_LSGS	1892 	2056 	2480 	2034 	2660 	1263 	493 	2150 	1534 	2444 	2172 	1398 	1369 	1707 	: 	: 
M,PAS,TOTAL,TOTAL,PAS_CRD,CH_LSZA	244 	512 	393 	377 	244 	254 	173 	167 	112 	116 	146 	362 	403 	387 	: 	: 
M,PAS,TOTAL,TOTAL,PAS_CRD,CH_LSZB	2394 	10168 	9627 	10090 	11245 	4505 	583 	692 	943 	1112 	454 	1268 	3398 	8068 	: 	: 
M,PAS,TOTAL,TOTAL,PAS_CRD,CH_LSZH	2773061 	2929684 	3252939 	3264454 	3044438 	3165371 	2348892 	2543951 	2222898 	2194055 	2469179 	2947232 	3027371 	2923696 	: 	: 
M,PAS,TOTAL,TOTAL,PAS_CRD,CH_LSZR	6694 	9133 	8428 	2510 	9733 	7330 	4574 	3253 	3532 	3880 	4733 	4713 	7600 	7694 	: 	: 
M,PAS,TOTAL,TOTAL,PAS_CRD,CY_LCLK	921550 	1053701 	1200097 	1300357 	1097684 	1050616 	615598 	548480 	449805 	433560 	413524 	664759 	828190 	956271 	1147903 	: 
M,PAS,TOTAL,TOTAL,PAS_CRD,CY_LCPH	359659 	379052 	451235 	500926 	434747 	432435 	243691 	195897 	172868 	180567 	182291 	304358 	399717 	420353 	485546 	: 
M,PAS,TOTAL,TOTAL,PAS_CRD,CZ_LKCS	1073 	12895 	18582 	17005 	12795 	2299 	430 	13 	10 	11 	2 	17 	1600 	: 	: 	: 
M,PAS,TOTAL,TOTAL,PAS_CRD,CZ_LKKV	40 	3080 	6213 	5457 	2876 	209 	13 	18 	6 	37 	35 	140 	35 	: 	: 	: 
M,PAS,TOTAL,TOTAL,PAS_CRD,CZ_LKMT	27668 	79992 	101589 	101262 	71576 	28230 	11645 	10619 	7779 	12711 	14156 	17188 	30004 	: 	: 	: 
M,PAS,TOTAL,TOTAL,PAS_CRD,CZ_LKPD	0 	35501 	48587 	49140 	37501 	15472 	4262 	0 	5924 	4201 	6128 	7163 	10594 	: 	: 	: 
M,PAS,TOTAL,TOTAL,PAS_CRD,CZ_LKPR	1499032 	1696576 	1867752 	1885680 	1753224 	1627280 	1334153 	1498347 	1095789 	1136763 	1299233 	1404928 	1575518 	: 	: 	: 
M,PAS,TOTAL,TOTAL,PAS_CRD,CZ_LKTB	36831 	118614 	153199 	150434 	113029 	41903 	14723 	13751 	9220 	16794 	22692 	26834 	45233 	: 	: 	: 
M,PAS,TOTAL,TOTAL,PAS_CRD,DE_EDDB	2315460 	2288014 	2366641 	2440777 	2500337 	2658969 	2008782 	2003077 	1549644 	1629356 	1976289 	2134577 	2337178 	: 	: 	: 
M,PAS,TOTAL,TOTAL,PAS_CRD,DE_EDDC	83504 	85453 	89567 	89129 	94948 	114869 	62387 	47043 	31468 	38379 	47781 	53371 	76881 	: 	: 	: 
M,PAS,TOTAL,TOTAL,PAS_CRD,DE_EDDE	29397 	35311 	42367 	48031 	44739 	57893 	14846 	2383 	2107 	2814 	6182 	24287 	31576 	: 	: 	: 
M,PAS,TOTAL,TOTAL,PAS_CRD,DE_EDDF	5581853 	5783135 	6126796 	6322262 	5963846 	6016018 	4819320 	4758900 	4123405 	3847087 	4716251 	4749649 	5734462 	: 	: 	: 
M,PAS,TOTAL,TOTAL,PAS_CRD,DE_EDDG	143277 	139405 	161478 	160119 	153556 	159255 	55813 	42632 	37025 	35408 	55277 	107483 	143489 	: 	: 	: 
M,PAS,TOTAL,TOTAL,PAS_CRD,DE_EDDH	1364356 	1345003 	1453112 	1482741 	1458569 	1561409 	1071819 	1049788 	853613 	902268 	1150440 	1187741 	1366255 	: 	: 	: 
M,PAS,TOTAL,TOTAL,PAS_CRD,DE_EDDK	950119 	982177 	1084468 	1143145 	1052589 	1133068 	623878 	634192 	500531 	507765 	656973 	815844 	922995 	: 	: 	: 
M,PAS,TOTAL,TOTAL,PAS_CRD,DE_EDDL	1973385 	2003007 	2203063 	2271485 	2152674 	2253574 	1422857 	1354777 	1183837 	1177122 	1416939 	1746397 	1951859 	: 	: 	: 
M,PAS,TOTAL,TOTAL,PAS_CRD,DE_EDDM	3931586 	4099860 	4276670 	4385780 	4343029 	4171622 	3250708 	3168162 	2676045 	2592972 	3148636 	3049465 	3585075 	: 	: 	: 
M,PAS,TOTAL,TOTAL,PAS_CRD,DE_EDDN	388094 	473992 	455922 	526014 	498697 	506453 	307318 	289215 	227924 	228763 	299111 	384742 	444519 	: 	: 	: 
M,PAS,TOTAL,TOTAL,PAS_CRD,DE_EDDP	199876 	213882 	233269 	241420 	235986 	300332 	114523 	81999 	71765 	82167 	114469 	150609 	183894 	: 	: 	: 
M,PAS,TOTAL,TOTAL,PAS_CRD,DE_EDDR	27108 	41565 	44494 	47532 	48056 	45907 	9864 	6148 	3176 	4214 	8141 	29413 	32978 	: 	: 	: 
M,PAS,TOTAL,TOTAL,PAS_CRD,DE_EDDS	897111 	993827 	965692 	1114383 	1038167 	1000561 	629713 	615351 	497759 	483588 	629720 	758230 	922588 	: 	: 	: 
M,PAS,TOTAL,TOTAL,PAS_CRD,DE_EDDV	500211 	498369 	563769 	568458 	586590 	671117 	372118 	301786 	257721 	262700 	357311 	446715 	506734 	: 	: 	: 
M,PAS,TOTAL,TOTAL,PAS_CRD,DE_EDDW	186071 	180953 	199288 	195687 	193990 	207813 	146644 	135093 	106868 	112745 	142551 	145200 	175373 	: 	: 	: 
M,PAS,TOTAL,TOTAL,PAS_CRD,DE_EDFH	194694 	195979 	202968 	224716 	204993 	217389 	134353 	159839 	126607 	128548 	154465 	176641 	185252 	: 	: 	: 
M,PAS,TOTAL,TOTAL,PAS_CRD,DE_EDJA	325541 	339743 	338917 	387077 	355790 	358670 	245702 	289742 	240792 	230943 	268304 	348030 	374836 	: 	: 	: 
M,PAS,TOTAL,TOTAL,PAS_CRD,DE_EDLP	71375 	80303 	97161 	99170 	104640 	110738 	21167 	8415 	6634 	5874 	17419 	54319 	68802 	: 	: 	: 
M,PAS,TOTAL,TOTAL,PAS_CRD,DE_EDLV	229393 	232856 	232066 	246862 	230899 	237757 	135427 	142355 	118150 	127376 	157982 	238408 	252654 	: 	: 	: 
M,PAS,TOTAL,TOTAL,PAS_CRD,DE_EDLW	269072 	293516 	307850 	337353 	313738 	327710 	228423 	240791 	218071 	195731 	237499 	309441 	333090 	: 	: 	: 
M,PAS,TOTAL,TOTAL,PAS_CRD,DE_EDNY	20411 	30208 	26052 	32990 	28339 	27573 	11794 	12367 	16356 	12264 	11511 	22411 	27845 	: 	: 	: 
M,PAS,TOTAL,TOTAL,PAS_CRD,DE_EDSB	212346 	230523 	237234 	260539 	234721 	234042 	128803 	159402 	123884 	130489 	156242 	215339 	237238 	: 	: 	: 
M,PAS,TOTAL,TOTAL,PAS_CRD,DK_EKAH	54316 	56947 	51759 	55885 	58457 	53391 	33180 	31863 	30139 	31023 	36110 	49051 	59914 	: 	: 	: 
M,PAS,TOTAL,TOTAL,PAS_CRD,DK_EKBI	262770 	286416 	349963 	307282 	294575 	275966 	199399 	166973 	182222 	175638 	221958 	253564 	310589 	: 	: 	: 
M,PAS,TOTAL,TOTAL,PAS_CRD,DK_EKCH	2880298 	3117328 	3328044 	3200425 	3084301 	3056485 	2415157 	2450336 	2232841 	2202725 	2586104 	2835127 	3095209 	: 	: 	: 
M,PAS,TOTAL,TOTAL,PAS_CRD,DK_EKEB	4672 	5070 	4784 	3889 	4273 	4247 	4027 	3073 	2899 	2563 	3393 	3963 	3841 	: 	: 	: 
M,PAS,TOTAL,TOTAL,PAS_CRD,DK_EKKA	572 	483 	0 	0 	284 	126 	466 	346 	119 	146 	310 	756 	1439 	: 	: 	: 
M,PAS,TOTAL,TOTAL,PAS_CRD,DK_EKRK	1062 	986 	1618 	1804 	800 	593 	378 	270 	309 	356 	342 	570 	750 	: 	: 	: 
M,PAS,TOTAL,TOTAL,PAS_CRD,DK_EKRN	13900 	20291 	13016 	13877 	15036 	13400 	11122 	9300 	8795 	8399 	10857 	12221 	14125 	: 	: 	: 
M,PAS,TOTAL,TOTAL,PAS_CRD,DK_EKSB	6611 	6217 	4376 	5056 	6311 	5936 	6766 	5345 	3973 	3672 	5240 	5574 	5467 	: 	: 	: 
M,PAS,TOTAL,TOTAL,PAS_CRD,DK_EKYT	134889 	140047 	133915 	142658 	158955 	152951 	116870 	103219 	101629 	103028 	122874 	117352 	138244 	: 	: 	: 
M,PAS,TOTAL,TOTAL,PAS_CRD,EE_EETN	310706 	325640 	322736 	331636 	310919 	348126 	259564 	285407 	226805 	226634 	268807 	313651 	354281 	: 	: 	: 
M,PAS,TOTAL,TOTAL,PAS_CRD,EL_LGAL	25491 	28746 	30237 	28481 	28553 	27860 	29141 	30887 	25314 	24955 	27037 	: 	: 	: 	: 	: 
M,PAS,TOTAL,TOTAL,PAS_CRD,EL_LGAV	3072356 	3436046 	3733230 	3858307 	3459353 	3114866 	2327986 	2281472 	1954109 	1932864 	2285833 	: 	: 	: 	: 	: 
M,PAS,TOTAL,TOTAL,PAS_CRD,EL_LGBL	3764 	6314 	7331 	8434 	6493 	3180 	135 	126 	52 	0 	137 	: 	: 	: 	: 	: 
M,PAS,TOTAL,TOTAL,PAS_CRD,EL_LGHI	24568 	29831 	36249 	41274 	30001 	24993 	23041 	23737 	21014 	21024 	21809 	: 	: 	: 	: 	: 
M,PAS,TOTAL,TOTAL,PAS_CRD,EL_LGIK	5321 	8729 	9946 	11048 	8770 	5163 	3452 	3233 	0 	0 	0 	: 	: 	: 	: 	: 
M,PAS,TOTAL,TOTAL,PAS_CRD,EL_LGIO	12348 	18507 	17524 	18474 	18206 	10926 	8812 	9544 	8996 	8439 	9393 	: 	: 	: 	: 	: 
M,PAS,TOTAL,TOTAL,PAS_CRD,EL_LGIR	1054092 	1395805 	1692052 	1789502 	1471612 	1172688 	246181 	180639 	138645 	149928 	189356 	: 	: 	: 	: 	: 
M,PAS,TOTAL,TOTAL,PAS_CRD,EL_LGKA	203 	223 	390 	438 	256 	230 	197 	318 	0 	0 	0 	: 	: 	: 	: 	: 
M,PAS,TOTAL,TOTAL,PAS_CRD,EL_LGKC	2534 	4553 	6162 	5925 	4657 	2528 	1464 	1411 	0 	0 	0 	: 	: 	: 	: 	: 
M,PAS,TOTAL,TOTAL,PAS_CRD,EL_LGKF	84450 	159046 	207161 	210196 	156165 	39801 	3264 	3971 	3625 	3184 	4432 	: 	: 	: 	: 	: 
M,PAS,TOTAL,TOTAL,PAS_CRD,EL_LGKJ	539 	1286 	1325 	1432 	1288 	507 	91 	117 	0 	0 	0 	: 	: 	: 	: 	: 
M,PAS,TOTAL,TOTAL,PAS_CRD,EL_LGKL	36100 	55420 	65700 	69043 	65631 	40097 	7899 	1147 	698 	1159 	5639 	: 	: 	: 	: 	: 
M,PAS,TOTAL,TOTAL,PAS_CRD,EL_LGKO	356975 	503470 	596224 	631530 	515874 	366831 	39372 	24480 	22435 	20217 	24565 	: 	: 	: 	: 	: 
M,PAS,TOTAL,TOTAL,PAS_CRD,EL_LGKP	17602 	44325 	57846 	64239 	46026 	14462 	3839 	3614 	0 	0 	0 	: 	: 	: 	: 	: 
M,PAS,TOTAL,TOTAL,PAS_CRD,EL_LGKR	445514 	745803 	925286 	973199 	776370 	446259 	35699 	27487 	13566 	24215 	38710 	: 	: 	: 	: 	: 
M,PAS,TOTAL,TOTAL,PAS_CRD,EL_LGKS	172 	664 	485 	771 	453 	266 	123 	105 	0 	0 	0 	: 	: 	: 	: 	: 
M,PAS,TOTAL,TOTAL,PAS_CRD,EL_LGKV	24802 	54607 	57648 	64655 	53976 	21028 	8219 	8479 	8159 	7716 	7901 	: 	: 	: 	: 	: 
M,PAS,TOTAL,TOTAL,PAS_CRD,EL_LGKY	1246 	1308 	1988 	2487 	1501 	1365 	937 	671 	0 	0 	0 	: 	: 	: 	: 	: 
M,PAS,TOTAL,TOTAL,PAS_CRD,EL_LGKZ	372 	263 	382 	352 	336 	347 	439 	600 	0 	0 	0 	: 	: 	: 	: 	: 
M,PAS,TOTAL,TOTAL,PAS_CRD,EL_LGLE	1343 	3497 	4506 	4678 	3250 	1394 	1133 	943 	0 	0 	0 	: 	: 	: 	: 	: 
M,PAS,TOTAL,TOTAL,PAS_CRD,EL_LGLM	12846 	22642 	28800 	31275 	20173 	12069 	7177 	7410 	5994 	6831 	7556 	: 	: 	: 	: 	: 
M,PAS,TOTAL,TOTAL,PAS_CRD,EL_LGMG	0 	0 	0 	0 	0 	0 	0 	0 	0 	0 	0 	: 	: 	: 	: 	: 
M,PAS,TOTAL,TOTAL,PAS_CRD,EL_LGMK	127400 	252484 	378156 	393105 	243562 	85884 	12515 	6983 	7119 	7365 	12071 	: 	: 	: 	: 	: 
M,PAS,TOTAL,TOTAL,PAS_CRD,EL_LGML	11823 	20731 	22472 	22098 	21159 	7596 	2762 	2160 	0 	0 	0 	: 	: 	: 	: 	: 
M,PAS,TOTAL,TOTAL,PAS_CRD,EL_LGMT	51462 	74501 	85392 	87875 	74413 	42330 	30399 	29795 	26008 	23965 	27417 	: 	: 	: 	: 	: 
M,PAS,TOTAL,TOTAL,PAS_CRD,EL_LGNX	21645 	38349 	43148 	43309 	36194 	18472 	6460 	5783 	0 	0 	0 	: 	: 	: 	: 	: 
M,PAS,TOTAL,TOTAL,PAS_CRD,EL_LGPA	39170 	56419 	68314 	65694 	51679 	25822 	10875 	8335 	0 	0 	0 	: 	: 	: 	: 	: 
M,PAS,TOTAL,TOTAL,PAS_CRD,EL_LGPL	1544 	3541 	5365 	5937 	4317 	1666 	1025 	714 	0 	0 	0 	: 	: 	: 	: 	: 
M,PAS,TOTAL,TOTAL,PAS_CRD,EL_LGPZ	81938 	157814 	199202 	203034 	160622 	56359 	2026 	291 	388 	256 	493 	: 	: 	: 	: 	: 
M,PAS,TOTAL,TOTAL,PAS_CRD,EL_LGRP	792047 	1054051 	1256166 	1322797 	1082027 	802349 	123373 	72529 	62538 	62437 	89456 	: 	: 	: 	: 	: 
M,PAS,TOTAL,TOTAL,PAS_CRD,EL_LGRX	15521 	30235 	39564 	39384 	33079 	12296 	37 	0 	0 	0 	0 	: 	: 	: 	: 	: 
M,PAS,TOTAL,TOTAL,PAS_CRD,EL_LGSA	434756 	618343 	748570 	730032 	614641 	443447 	87429 	71672 	68488 	69515 	83658 	: 	: 	: 	: 	: 
M,PAS,TOTAL,TOTAL,PAS_CRD,EL_LGSK	49580 	120264 	162280 	163904 	113770 	17856 	1667 	1264 	1303 	1186 	1775 	: 	: 	: 	: 	: 
M,PAS,TOTAL,TOTAL,PAS_CRD,EL_LGSM	47099 	74126 	87307 	91898 	77995 	34766 	13463 	13180 	12291 	12233 	13670 	: 	: 	: 	: 	: 
M,PAS,TOTAL,TOTAL,PAS_CRD,EL_LGSO	1274 	3222 	3945 	3727 	3123 	1804 	949 	1261 	0 	0 	0 	: 	: 	: 	: 	: 
M,PAS,TOTAL,TOTAL,PAS_CRD,EL_LGSR	249546 	346474 	449950 	465192 	359500 	236317 	58991 	35293 	22202 	31758 	51842 	: 	: 	: 	: 	: 
M,PAS,TOTAL,TOTAL,PAS_CRD,EL_LGST	3425 	6024 	7433 	12258 	6820 	3126 	2007 	2381 	0 	0 	0 	: 	: 	: 	: 	: 
M,PAS,TOTAL,TOTAL,PAS_CRD,EL_LGSY	771 	2961 	3725 	4130 	2648 	703 	461 	426 	391 	775 	425 	: 	: 	: 	: 	: 
M,PAS,TOTAL,TOTAL,PAS_CRD,EL_LGTS	710868 	769832 	871323 	907948 	835082 	752856 	524655 	580050 	463627 	453774 	526383 	: 	: 	: 	: 	: 
M,PAS,TOTAL,TOTAL,PAS_CRD,EL_LGZA	225910 	406918 	519179 	526854 	401889 	146825 	7167 	4596 	3938 	1845 	5444 	: 	: 	: 	: 	: 
M,PAS,TOTAL,TOTAL,PAS_CRD,ES_GCFV	507026 	527695 	610383 	624194 	552578 	584091 	569837 	542769 	528760 	543946 	618979 	: 	: 	: 	: 	: 
M,PAS,TOTAL,TOTAL,PAS_CRD,ES_GCHI	24749 	25828 	30428 	34006 	28489 	26415 	25811 	23514 	21622 	22721 	22457 	: 	: 	: 	: 	: 
M,PAS,TOTAL,TOTAL,PAS_CRD,ES_GCLA	117347 	116505 	133863 	138901 	121213 	122875 	132705 	133755 	124725 	126481 	127158 	: 	: 	: 	: 	: 
M,PAS,TOTAL,TOTAL,PAS_CRD,ES_GCLP	1153239 	1170531 	1277071 	1283632 	1176373 	1317590 	1411135 	1439676 	1393698 	1349891 	1491635 	: 	: 	: 	: 	: 
M,PAS,TOTAL,TOTAL,PAS_CRD,ES_GCRR	686648 	712422 	796394 	823064 	706460 	759692 	748721 	717331 	702098 	707807 	792524 	: 	: 	: 	: 	: 
M,PAS,TOTAL,TOTAL,PAS_CRD,ES_GCTS	982246 	986247 	1075925 	1102544 	991267 	1157380 	1277616 	1263432 	1267307 	1252189 	1361765 	: 	: 	: 	: 	: 
M,PAS,TOTAL,TOTAL,PAS_CRD,ES_GCXO	613176 	620192 	671946 	686223 	632690 	621934 	565714 	579395 	528174 	518984 	571429 	: 	: 	: 	: 	: 
M,PAS,TOTAL,TOTAL,PAS_CRD,ES_GEML	45544 	46962 	47485 	50734 	45847 	46534 	43392 	45259 	39385 	35105 	43445 	: 	: 	: 	: 	: 
M,PAS,TOTAL,TOTAL,PAS_CRD,ES_LEAL	1849245 	1919445 	2105875 	2097325 	1905349 	1901022 	1409441 	1317830 	1105439 	1226764 	1608825 	: 	: 	: 	: 	: 
M,PAS,TOTAL,TOTAL,PAS_CRD,ES_LEAM	77119 	87503 	95787 	95871 	87461 	70497 	44321 	42585 	35265 	42237 	59982 	: 	: 	: 	: 	: 
M,PAS,TOTAL,TOTAL,PAS_CRD,ES_LEAS	176387 	190643 	208368 	205253 	191171 	182004 	152109 	154567 	138488 	131944 	166506 	: 	: 	: 	: 	: 
M,PAS,TOTAL,TOTAL,PAS_CRD,ES_LEBB	681045 	684979 	689017 	677831 	676676 	672730 	526187 	521087 	416497 	417263 	560209 	: 	: 	: 	: 	: 
M,PAS,TOTAL,TOTAL,PAS_CRD,ES_LEBL	5166497 	5288306 	5532446 	5666901 	5273046 	5234109 	4246218 	4298629 	3795230 	3887721 	4586411 	: 	: 	: 	: 	: 
M,PAS,TOTAL,TOTAL,PAS_CRD,ES_LECO	111764 	109893 	113579 	107679 	108875 	117271 	108187 	107620 	98453 	100228 	117086 	: 	: 	: 	: 	: 
M,PAS,TOTAL,TOTAL,PAS_CRD,ES_LEGE	250429 	307575 	326740 	348936 	298591 	218374 	40172 	51124 	35185 	40364 	64102 	: 	: 	: 	: 	: 
M,PAS,TOTAL,TOTAL,PAS_CRD,ES_LEGR	96724 	94057 	86684 	87959 	92778 	105104 	97116 	106110 	98215 	95130 	108732 	: 	: 	: 	: 	: 
M,PAS,TOTAL,TOTAL,PAS_CRD,ES_LEIB	1028044 	1257014 	1443960 	1479024 	1224662 	831464 	260032 	235780 	198149 	206847 	295919 	: 	: 	: 	: 	: 
M,PAS,TOTAL,TOTAL,PAS_CRD,ES_LEJR	98941 	95519 	100975 	105842 	102068 	98337 	49941 	38083 	36161 	38382 	54417 	: 	: 	: 	: 	: 
M,PAS,TOTAL,TOTAL,PAS_CRD,ES_LEMD	5724478 	5817469 	6158465 	6233067 	5911334 	6021616 	5481285 	5619865 	5360399 	5058784 	5718819 	: 	: 	: 	: 	: 
M,PAS,TOTAL,TOTAL,PAS_CRD,ES_LEMG	2580746 	2628883 	2864383 	2859731 	2623335 	2572891 	1747601 	1673805 	1436251 	1569928 	2072711 	: 	: 	: 	: 	: 
M,PAS,TOTAL,TOTAL,PAS_CRD,ES_LEMH	428880 	614415 	722717 	751095 	572492 	357377 	113846 	98083 	82391 	84309 	120348 	: 	: 	: 	: 	: 
M,PAS,TOTAL,TOTAL,PAS_CRD,ES_LEMI	103779 	110365 	123601 	126512 	112371 	95278 	44835 	41351 	37729 	38202 	55521 	: 	: 	: 	: 	: 
M,PAS,TOTAL,TOTAL,PAS_CRD,ES_LEPA	3820384 	4228975 	4592916 	4698153 	4111492 	3499935 	1214842 	1098663 	883120 	1023570 	1594362 	: 	: 	: 	: 	: 
M,PAS,TOTAL,TOTAL,PAS_CRD,ES_LEPP	19525 	19488 	20482 	18513 	19981 	21047 	19922 	20323 	18521 	17629 	20428 	: 	: 	: 	: 	: 
M,PAS,TOTAL,TOTAL,PAS_CRD,ES_LERS	188734 	207683 	220130 	231290 	206308 	144570 	4716 	99 	11 	33 	13657 	: 	: 	: 	: 	: 
M,PAS,TOTAL,TOTAL,PAS_CRD,ES_LESO	45718 	48638 	48083 	45688 	44758 	44067 	31826 	32395 	28499 	26691 	34153 	: 	: 	: 	: 	: 
M,PAS,TOTAL,TOTAL,PAS_CRD,ES_LEST	299818 	308947 	339444 	344690 	302601 	274520 	157686 	178007 	132919 	128989 	171132 	: 	: 	: 	: 	: 
M,PAS,TOTAL,TOTAL,PAS_CRD,ES_LEVC	1052515 	1078111 	1129449 	1177873 	1068229 	1088982 	869241 	892070 	753434 	782824 	1005057 	: 	: 	: 	: 	: 
M,PAS,TOTAL,TOTAL,PAS_CRD,ES_LEVD	8109 	3102 	5407 	6469 	6134 	10139 	7590 	10160 	7511 	6377 	6493 	: 	: 	: 	: 	: 
M,PAS,TOTAL,TOTAL,PAS_CRD,ES_LEVT	32642 	24011 	27591 	28393 	25338 	31199 	21823 	26852 	19837 	20816 	25569 	: 	: 	: 	: 	: 
M,PAS,TOTAL,TOTAL,PAS_CRD,ES_LEVX	92732 	94040 	103955 	111611 	93226 	91327 	95889 	97303 	73315 	75388 	91690 	: 	: 	: 	: 	: 
M,PAS,TOTAL,TOTAL,PAS_CRD,ES_LEXJ	105845 	100608 	111337 	117680 	99211 	98623 	63795 	70474 	61946 	57398 	74244 	: 	: 	: 	: 	: 
M,PAS,TOTAL,TOTAL,PAS_CRD,ES_LEZG	64637 	61219 	70980 	74166 	63086 	66090 	47837 	51057 	46244 	43060 	53545 	: 	: 	: 	: 	: 
M,PAS,TOTAL,TOTAL,PAS_CRD,ES_LEZL	888432 	789792 	760358 	773884 	820768 	901639 	811533 	812053 	715663 	782954 	952446 	: 	: 	: 	: 	: 
M,PAS,TOTAL,TOTAL,PAS_CRD,FI_EFHK	1501109 	1594986 	1611055 	1577118 	1480360 	1526990 	1294331 	1412741 	1256915 	1269768 	1425612 	1436601 	1551212 	1671145 	1728270 	: 
M,PAS,TOTAL,TOTAL,PAS_CRD,FI_EFIV	2954 	5051 	5011 	6116 	7415 	6682 	15905 	72176 	41501 	44439 	38862 	9785 	2244 	3303 	3767 	: 
M,PAS,TOTAL,TOTAL,PAS_CRD,FI_EFJO	3862 	3330 	2404 	3391 	4098 	4855 	3455 	2799 	2753 	3381 	4463 	3708 	4944 	3447 	2537 	: 
M,PAS,TOTAL,TOTAL,PAS_CRD,FI_EFJY	2915 	1985 	514 	2234 	3473 	4281 	2492 	1699 	1990 	2608 	2749 	3190 	3189 	2086 	558 	: 
M,PAS,TOTAL,TOTAL,PAS_CRD,FI_EFKE	3451 	2616 	1714 	2167 	3258 	4358 	3104 	3496 	4692 	4129 	5619 	2798 	3617 	2285 	1860 	: 
M,PAS,TOTAL,TOTAL,PAS_CRD,FI_EFKI	3540 	3223 	2902 	3454 	4261 	4055 	3835 	4130 	3279 	4002 	3727 	3563 	4188 	3229 	2911 	: 
M,PAS,TOTAL,TOTAL,PAS_CRD,FI_EFKK	3493 	2805 	300 	2253 	3235 	5340 	2725 	2450 	2407 	2573 	3118 	3337 	4407 	3536 	398 	: 
M,PAS,TOTAL,TOTAL,PAS_CRD,FI_EFKS	1950 	2407 	2588 	2899 	3334 	2666 	5676 	39748 	25988 	27611 	17883 	3979 	2183 	2502 	2913 	: 
M,PAS,TOTAL,TOTAL,PAS_CRD,FI_EFKT	2526 	3733 	4286 	5351 	6858 	6490 	25206 	129427 	77302 	92044 	70083 	22365 	2099 	2871 	3311 	: 
M,PAS,TOTAL,TOTAL,PAS_CRD,FI_EFKU	13801 	11103 	8262 	10596 	13206 	15169 	12897 	11508 	10318 	11288 	12581 	10888 	12001 	12795 	9587 	: 
M,PAS,TOTAL,TOTAL,PAS_CRD,FI_EFMA	4142 	4199 	3316 	3911 	4243 	4595 	3319 	2318 	2481 	2621 	3214 	3269 	4450 	4741 	4203 	: 
M,PAS,TOTAL,TOTAL,PAS_CRD,FI_EFOU	53257 	41789 	31927 	41470 	51250 	55226 	48808 	46917 	43639 	43489 	48411 	50730 	63613 	55140 	40543 	: 
M,PAS,TOTAL,TOTAL,PAS_CRD,FI_EFPO	1330 	776 	32 	717 	1287 	3258 	876 	668 	700 	650 	976 	1198 	1291 	780 	0 	: 
M,PAS,TOTAL,TOTAL,PAS_CRD,FI_EFRO	27568 	28249 	28167 	31776 	36393 	48778 	118787 	310026 	215523 	198940 	135549 	31142 	27023 	29284 	28629 	: 
M,PAS,TOTAL,TOTAL,PAS_CRD,FI_EFSA	494 	726 	971 	398 	630 	840 	629 	439 	210 	312 	375 	413 	365 	426 	954 	: 
M,PAS,TOTAL,TOTAL,PAS_CRD,FI_EFTP	10984 	13938 	16619 	10809 	11940 	12350 	11657 	12852 	8571 	8871 	10466 	11615 	13719 	13117 	14483 	: 
M,PAS,TOTAL,TOTAL,PAS_CRD,FI_EFTU	23179 	26066 	21224 	22566 	23492 	29314 	25744 	33762 	27353 	26152 	29458 	32645 	33757 	32616 	28210 	: 
M,PAS,TOTAL,TOTAL,PAS_CRD,FI_EFVA	15747 	15066 	14471 	13794 	15099 	17048 	13933 	12498 	11158 	11717 	14837 	15863 	18642 	15686 	14362 	: 
M,PAS,TOTAL,TOTAL,PAS_CRD,FR_FMCZ	34253 	36124 	56801 	56617 	34078 	36037 	30374 	44212 	40264 	24606 	: 	: 	: 	: 	: 	: 
M,PAS,TOTAL,TOTAL,PAS_CRD,FR_FMEE	225693 	193614 	292841 	280530 	199003 	264189 	225122 	271763 	263230 	162294 	: 	: 	: 	: 	: 	: 
M,PAS,TOTAL,TOTAL,PAS_CRD,FR_LFBD	551790 	562596 	574914 	598864 	538633 	548988 	415504 	470117 	359900 	399350 	: 	: 	: 	: 	: 	: 
M,PAS,TOTAL,TOTAL,PAS_CRD,FR_LFBE	22398 	39345 	44726 	48650 	31161 	17971 	1886 	2622 	442 	0 	: 	: 	: 	: 	: 	: 
M,PAS,TOTAL,TOTAL,PAS_CRD,FR_LFBH	28518 	38442 	49541 	52280 	31415 	26315 	8115 	10117 	9080 	8557 	: 	: 	: 	: 	: 	: 
M,PAS,TOTAL,TOTAL,PAS_CRD,FR_LFBL	27458 	33388 	32068 	36254 	28873 	21007 	13441 	14143 	10173 	12445 	: 	: 	: 	: 	: 	: 
M,PAS,TOTAL,TOTAL,PAS_CRD,FR_LFBO	690292 	697165 	630950 	629606 	667712 	698436 	587753 	623531 	531584 	535605 	: 	: 	: 	: 	: 	: 
M,PAS,TOTAL,TOTAL,PAS_CRD,FR_LFBP	19555 	22207 	18776 	17307 	19881 	20600 	19053 	20422 	18452 	18556 	: 	: 	: 	: 	: 	: 
M,PAS,TOTAL,TOTAL,PAS_CRD,FR_LFBT	75183 	59676 	66016 	62892 	68035 	61096 	24082 	25043 	20486 	25259 	: 	: 	: 	: 	: 	: 
M,PAS,TOTAL,TOTAL,PAS_CRD,FR_LFBZ	96303 	106355 	124083 	116383 	96357 	88791 	40788 	45430 	41203 	40052 	: 	: 	: 	: 	: 	: 
M,PAS,TOTAL,TOTAL,PAS_CRD,FR_LFKB	146905 	169256 	195733 	231099 	164534 	142369 	77598 	84656 	66911 	63022 	: 	: 	: 	: 	: 	: 
M,PAS,TOTAL,TOTAL,PAS_CRD,FR_LFKC	38052 	49791 	67514 	84097 	47390 	27599 	12342 	12290 	9127 	9018 	: 	: 	: 	: 	: 	: 
M,PAS,TOTAL,TOTAL,PAS_CRD,FR_LFKF	90395 	117974 	168175 	192859 	105247 	72044 	22340 	21064 	15708 	15887 	: 	: 	: 	: 	: 	: 
M,PAS,TOTAL,TOTAL,PAS_CRD,FR_LFKJ	159933 	183706 	226138 	250206 	168369 	142082 	71345 	76770 	59182 	58045 	: 	: 	: 	: 	: 	: 
M,PAS,TOTAL,TOTAL,PAS_CRD,FR_LFLB	96 	66 	452 	130 	113 	89 	73 	25261 	57402 	47180 	: 	: 	: 	: 	: 	: 
M,PAS,TOTAL,TOTAL,PAS_CRD,FR_LFLC	24898 	23333 	22385 	21143 	21018 	23888 	14712 	15133 	14026 	13226 	: 	: 	: 	: 	: 	: 
M,PAS,TOTAL,TOTAL,PAS_CRD,FR_LFLL	969096 	981184 	985648 	1009879 	922880 	975077 	723167 	817449 	751110 	751575 	: 	: 	: 	: 	: 	: 
M,PAS,TOTAL,TOTAL,PAS_CRD,FR_LFLS	33 	196 	122 	829 	104 	150 	934 	41153 	70600 	58000 	: 	: 	: 	: 	: 	: 
M,PAS,TOTAL,TOTAL,PAS_CRD,FR_LFMK	36668 	42241 	43577 	47840 	37460 	27801 	5559 	7240 	5131 	4921 	: 	: 	: 	: 	: 	: 
M,PAS,TOTAL,TOTAL,PAS_CRD,FR_LFML	1073554 	1078523 	1113215 	1189019 	986453 	1001720 	731215 	768931 	665803 	678247 	: 	: 	: 	: 	: 	: 
M,PAS,TOTAL,TOTAL,PAS_CRD,FR_LFMN	1495748 	1636383 	1772985 	1797607 	1530011 	1371259 	844801 	920896 	754553 	818092 	: 	: 	: 	: 	: 	: 
M,PAS,TOTAL,TOTAL,PAS_CRD,FR_LFMP	48015 	59378 	57616 	59423 	48802 	38230 	21629 	26675 	20322 	18221 	: 	: 	: 	: 	: 	: 
M,PAS,TOTAL,TOTAL,PAS_CRD,FR_LFMT	159148 	167491 	170707 	172500 	149851 	146169 	102853 	127830 	94332 	96913 	: 	: 	: 	: 	: 	: 
M,PAS,TOTAL,TOTAL,PAS_CRD,FR_LFMU	36667 	41689 	45578 	45216 	38588 	20493 	2537 	3337 	2690 	2494 	: 	: 	: 	: 	: 	: 
M,PAS,TOTAL,TOTAL,PAS_CRD,FR_LFOB	651099 	623677 	631475 	675973 	570274 	596272 	409684 	427962 	376757 	396519 	: 	: 	: 	: 	: 	: 
M,PAS,TOTAL,TOTAL,PAS_CRD,FR_LFOK	6667 	5951 	5598 	6140 	6139 	7117 	4308 	3895 	4601 	4593 	: 	: 	: 	: 	: 	: 
M,PAS,TOTAL,TOTAL,PAS_CRD,FR_LFOT	21898 	21535 	25738 	22623 	17874 	17711 	6034 	5864 	6888 	6254 	: 	: 	: 	: 	: 	: 
M,PAS,TOTAL,TOTAL,PAS_CRD,FR_LFPG	6207442 	6432586 	6831605 	6929662 	6129539 	6182977 	5407319 	5928281 	5363429 	4975019 	: 	: 	: 	: 	: 	: 
M,PAS,TOTAL,TOTAL,PAS_CRD,FR_LFPO	3184136 	3260016 	3383130 	3479956 	3100591 	3148662 	2423967 	2640289 	2469606 	2433286 	: 	: 	: 	: 	: 	: 
M,PAS,TOTAL,TOTAL,PAS_CRD,FR_LFQQ	177697 	168536 	162306 	175114 	162455 	162185 	100273 	115072 	88948 	95155 	: 	: 	: 	: 	: 	: 
M,PAS,TOTAL,TOTAL,PAS_CRD,FR_LFRB	89298 	92277 	86376 	89135 	83445 	86995 	52130 	62202 	52578 	54203 	: 	: 	: 	: 	: 	: 
M,PAS,TOTAL,TOTAL,PAS_CRD,FR_LFRK	32172 	35000 	30771 	29747 	31061 	32084 	16156 	19258 	11183 	12610 	: 	: 	: 	: 	: 	: 
M,PAS,TOTAL,TOTAL,PAS_CRD,FR_LFRN	42812 	43013 	45666 	40168 	42415 	47173 	37168 	46501 	29935 	37852 	: 	: 	: 	: 	: 	: 
M,PAS,TOTAL,TOTAL,PAS_CRD,FR_LFRS	716242 	708047 	718399 	766702 	665009 	686827 	426348 	480899 	366222 	425424 	: 	: 	: 	: 	: 	: 
M,PAS,TOTAL,TOTAL,PAS_CRD,FR_LFRZ	583 	913 	396 	71 	895 	972 	771 	663 	829 	843 	: 	: 	: 	: 	: 	: 
M,PAS,TOTAL,TOTAL,PAS_CRD,FR_LFSB	81269 	87319 	94506 	93444 	74544 	94214 	96374 	91915 	81742 	68450 	: 	: 	: 	: 	: 	: 
M,PAS,TOTAL,TOTAL,PAS_CRD,FR_LFST	117687 	117027 	103749 	105454 	111596 	118982 	88406 	155745 	73777 	74914 	: 	: 	: 	: 	: 	: 
M,PAS,TOTAL,TOTAL,PAS_CRD,FR_LFTH	25230 	31537 	37202 	31740 	23697 	17739 	6444 	9427 	7641 	6797 	: 	: 	: 	: 	: 	: 
M,PAS,TOTAL,TOTAL,PAS_CRD,FR_LFTW	24296 	25844 	23727 	24235 	20530 	20903 	14651 	15893 	13341 	13295 	: 	: 	: 	: 	: 	: 
M,PAS,TOTAL,TOTAL,PAS_CRD,FR_SOCA	41217 	42122 	64375 	64914 	40125 	50142 	43149 	51934 	45924 	42055 	: 	: 	: 	: 	: 	: 
M,PAS,TOTAL,TOTAL,PAS_CRD,FR_TFFF	120592 	117218 	175078 	192808 	82901 	115708 	126338 	176622 	196868 	199302 	: 	: 	: 	: 	: 	: 
M,PAS,TOTAL,TOTAL,PAS_CRD,FR_TFFG	19382 	17569 	21024 	26853 	13018 	16392 	16411 	16469 	13892 	13949 	: 	: 	: 	: 	: 	: 
M,PAS,TOTAL,TOTAL,PAS_CRD,FR_TFFR	150348 	140330 	204258 	223906 	100315 	133600 	144714 	194821 	210429 	218354 	: 	: 	: 	: 	: 	: 
M,PAS,TOTAL,TOTAL,PAS_CRD,HR_LDDU	378266 	447230 	537877 	541548 	440580 	313920 	49275 	30852 	23033 	22489 	55332 	253063 	398405 	462068 	556868 	: 
M,PAS,TOTAL,TOTAL,PAS_CRD,HR_LDPL	49843 	94638 	133964 	125450 	89251 	29708 	1747 	1576 	1356 	1193 	2266 	8442 	40187 	96991 	145432 	: 
M,PAS,TOTAL,TOTAL,PAS_CRD,HR_LDRI	9254 	29501 	37718 	39002 	28085 	5099 	1244 	673 	423 	1225 	937 	641 	8122 	31237 	44920 	: 
M,PAS,TOTAL,TOTAL,PAS_CRD,HR_LDSP	395219 	578102 	782956 	757559 	557799 	331678 	62250 	49935 	42306 	37307 	63316 	205083 	405954 	558986 	766574 	: 
M,PAS,TOTAL,TOTAL,PAS_CRD,HR_LDZA	435653 	435179 	466695 	487725 	466390 	457148 	337851 	332760 	294685 	279860 	336232 	412277 	445999 	435648 	464883 	: 
M,PAS,TOTAL,TOTAL,PAS_CRD,HR_LDZD	164444 	294878 	345857 	360911 	256304 	102380 	2342 	1810 	1595 	1248 	7988 	92919 	184205 	307615 	364953 	: 
M,PAS,TOTAL,TOTAL,PAS_CRD,HU_LHBP	1694523 	1690695 	1839837 	1898331 	1791601 	1812101 	1548072 	1638758 	1328630 	1329808 	1479697 	1669552 	1818238 	1910012 	: 	: 
M,PAS,TOTAL,TOTAL,PAS_CRD,HU_LHDC	16853 	18483 	27158 	27187 	22043 	12608 	10518 	8627 	10539 	10899 	12649 	18007 	19058 	30079 	: 	: 
M,PAS,TOTAL,TOTAL,PAS_CRD,IE_EICK	330883 	354069 	377121 	375661 	319941 	306340 	214611 	225145 	202463 	202463 	251946 	294897 	322699 	: 	: 	: 
M,PAS,TOTAL,TOTAL,PAS_CRD,IE_EIDW	3398281 	3542313 	3748131 	3781178 	3344584 	3244182 	2622593 	2703480 	2477504 	2347781 	2898737 	3110114 	3491240 	: 	: 	: 
M,PAS,TOTAL,TOTAL,PAS_CRD,IE_EIKN	91900 	91986 	99993 	106255 	86873 	87539 	60878 	64823 	51579 	56054 	70042 	91074 	98501 	: 	: 	: 
M,PAS,TOTAL,TOTAL,PAS_CRD,IE_EIKY	41464 	44938 	48972 	52506 	39850 	40162 	28010 	31541 	24537 	25468 	32699 	45001 	47743 	: 	: 	: 
M,PAS,TOTAL,TOTAL,PAS_CRD,IE_EINN	207334 	231487 	248697 	252574 	209884 	200696 	142563 	152587 	129487 	125540 	167155 	218048 	242590 	: 	: 	: 
M,PAS,TOTAL,TOTAL,PAS_CRD,IS_BIAR	16396 	15561 	17387 	16854 	16300 	19387 	18819 	18595 	18140 	20342 	21677 	16690 	16780 	16466 	: 	: 
M,PAS,TOTAL,TOTAL,PAS_CRD,IS_BIEG	8962 	8378 	8897 	8600 	7822 	7784 	7432 	6626 	6442 	6050 	6967 	8061 	8580 	8510 	: 	: 
M,PAS,TOTAL,TOTAL,PAS_CRD,IS_BIIS	2762 	3002 	3435 	3135 	2811 	2490 	1767 	1471 	1612 	1981 	1582 	2130 	2730 	3279 	: 	: 
M,PAS,TOTAL,TOTAL,PAS_CRD,IS_BIKF	701988 	867360 	992036 	992025 	750736 	656068 	499223 	507875 	443344 	454806 	521189 	571734 	654406 	789682 	: 	: 
M,PAS,TOTAL,TOTAL,PAS_CRD,IS_BIRK	29243 	27630 	31284 	31329 	28809 	27029 	24526 	22638 	21675 	23001 	25336 	25648 	29339 	28629 	: 	: 
M,PAS,TOTAL,TOTAL,PAS_CRD,IT_LIBC	36552 	35926 	36742 	35351 	31523 	33762 	23940 	25332 	22771 	20864 	25555 	33434 	35257 	: 	: 	: 
M,PAS,TOTAL,TOTAL,PAS_CRD,IT_LIBD	761803 	775479 	865222 	895537 	793827 	760030 	539325 	553157 	441634 	470154 	582520 	766566 	878984 	: 	: 	: 
M,PAS,TOTAL,TOTAL,PAS_CRD,IT_LIBP	88801 	125047 	135100 	138915 	127223 	119829 	76336 	81339 	69412 	72322 	87535 	129432 	138342 	: 	: 	: 
M,PAS,TOTAL,TOTAL,PAS_CRD,IT_LIBR	342568 	375877 	411613 	410405 	375024 	313990 	191915 	196981 	164428 	179279 	219251 	333694 	389403 	: 	: 	: 
M,PAS,TOTAL,TOTAL,PAS_CRD,IT_LICA	284666 	321926 	352153 	351059 	320266 	269244 	189487 	207583 	173849 	176729 	210679 	266808 	323819 	: 	: 	: 
M,PAS,TOTAL,TOTAL,PAS_CRD,IT_LICB	6150 	5847 	13080 	18382 	13605 	4985 	20876 	24672 	18648 	15939 	19710 	27111 	29516 	: 	: 	: 
M,PAS,TOTAL,TOTAL,PAS_CRD,IT_LICC	1186261 	1196118 	1256752 	1291979 	1232684 	1176002 	803371 	832021 	661044 	709558 	883142 	1116954 	1274758 	: 	: 	: 
M,PAS,TOTAL,TOTAL,PAS_CRD,IT_LICD	17148 	45998 	74110 	83872 	54739 	29252 	9170 	8558 	7459 	7423 	8727 	14253 	26791 	: 	: 	: 
M,PAS,TOTAL,TOTAL,PAS_CRD,IT_LICG	15302 	24755 	30699 	39547 	27118 	18304 	9476 	9078 	8101 	7951 	9761 	11815 	15469 	: 	: 	: 
M,PAS,TOTAL,TOTAL,PAS_CRD,IT_LICJ	902023 	926746 	1020827 	1016498 	950559 	885994 	580327 	605597 	485243 	517476 	678878 	871754 	977346 	: 	: 	: 
M,PAS,TOTAL,TOTAL,PAS_CRD,IT_LICR	90894 	91306 	94902 	93052 	88871 	85423 	68420 	74739 	57653 	64009 	77280 	90023 	94331 	: 	: 	: 
M,PAS,TOTAL,TOTAL,PAS_CRD,IT_LICT	114780 	119992 	125821 	123212 	116746 	108590 	40562 	43858 	50663 	50370 	65817 	124691 	143545 	: 	: 	: 
M,PAS,TOTAL,TOTAL,PAS_CRD,IT_LIEA	168000 	222139 	245302 	251288 	220924 	164141 	69895 	79166 	64784 	58683 	82554 	161744 	187722 	: 	: 	: 
M,PAS,TOTAL,TOTAL,PAS_CRD,IT_LIEE	496263 	575209 	640408 	651258 	580046 	491556 	292045 	313255 	255411 	253310 	320555 	440375 	514341 	: 	: 	: 
M,PAS,TOTAL,TOTAL,PAS_CRD,IT_LIEO	354989 	598135 	817600 	849172 	571213 	330884 	89426 	90543 	70294 	68709 	98652 	247060 	416248 	: 	: 	: 
M,PAS,TOTAL,TOTAL,PAS_CRD,IT_LIMC	2653266 	2819343 	3051114 	3202917 	2946041 	2836283 	2275723 	2369770 	2067155 	2148466 	2356629 	2275169 	2675768 	: 	: 	: 
M,PAS,TOTAL,TOTAL,PAS_CRD,IT_LIME	1560390 	1542097 	1604103 	1650620 	1535453 	1522793 	1222392 	1274450 	1134213 	1156956 	1353881 	1675773 	1673442 	: 	: 	: 
M,PAS,TOTAL,TOTAL,PAS_CRD,IT_LIMF	419344 	406959 	421713 	428008 	410939 	433004 	410110 	456244 	455551 	457016 	522105 	489483 	499486 	: 	: 	: 
M,PAS,TOTAL,TOTAL,PAS_CRD,IT_LIMJ	170875 	158612 	169895 	170426 	157970 	154355 	100607 	105443 	94139 	93213 	120159 	160291 	164258 	: 	: 	: 
M,PAS,TOTAL,TOTAL,PAS_CRD,IT_LIML	986965 	1000813 	1020313 	955584 	996960 	962692 	927374 	937659 	856195 	845942 	983772 	1077261 	1059830 	: 	: 	: 
M,PAS,TOTAL,TOTAL,PAS_CRD,IT_LIMP	18055 	17806 	18680 	18921 	17509 	15066 	105 	217 	30 	0 	0 	0 	0 	: 	: 	: 
M,PAS,TOTAL,TOTAL,PAS_CRD,IT_LIPE	1078647 	1077505 	1110477 	1117683 	1030392 	1046128 	780351 	787635 	708165 	685107 	861545 	1058319 	1108615 	: 	: 	: 
M,PAS,TOTAL,TOTAL,PAS_CRD,IT_LIPH	286934 	290349 	303863 	310548 	287246 	277531 	233361 	227176 	237288 	222093 	249369 	282377 	291639 	: 	: 	: 
M,PAS,TOTAL,TOTAL,PAS_CRD,IT_LIPO	935 	506 	450 	343 	387 	342 	292 	320 	121 	220 	375 	333 	696 	: 	: 	: 
M,PAS,TOTAL,TOTAL,PAS_CRD,IT_LIPQ	157874 	167244 	169323 	168866 	163897 	164243 	119172 	114749 	87831 	99977 	125439 	145827 	161338 	: 	: 	: 
M,PAS,TOTAL,TOTAL,PAS_CRD,IT_LIPR	45680 	60703 	66184 	70243 	60815 	42638 	6857 	4976 	4188 	3505 	6895 	43814 	52909 	: 	: 	: 
M,PAS,TOTAL,TOTAL,PAS_CRD,IT_LIPX	363165 	423408 	476729 	503320 	426407 	333101 	220036 	266172 	261727 	258456 	290672 	323620 	382275 	: 	: 	: 
M,PAS,TOTAL,TOTAL,PAS_CRD,IT_LIPY	58386 	64664 	62906 	67583 	62128 	56480 	38985 	40217 	28679 	27884 	37458 	57783 	61690 	: 	: 	: 
M,PAS,TOTAL,TOTAL,PAS_CRD,IT_LIPZ	1146966 	1166012 	1186270 	1202367 	1168484 	1123275 	785322 	824026 	718755 	776227 	899247 	1100354 	1237194 	: 	: 	: 
M,PAS,TOTAL,TOTAL,PAS_CRD,IT_LIRA	346368 	335279 	350141 	353936 	326271 	337766 	318101 	316390 	329152 	307876 	341523 	320620 	332177 	: 	: 	: 
M,PAS,TOTAL,TOTAL,PAS_CRD,IT_LIRF	4596270 	4764793 	4977151 	5139131 	4842307 	4686813 	3595615 	3657110 	3264968 	3145628 	3853968 	4334777 	4693378 	: 	: 	: 
M,PAS,TOTAL,TOTAL,PAS_CRD,IT_LIRI	: 	: 	: 	: 	: 	: 	: 	: 	9476 	10722 	13794 	12959 	17951 	: 	: 	: 
M,PAS,TOTAL,TOTAL,PAS_CRD,IT_LIRN	1324911 	1340241 	1460406 	1521425 	1377994 	1295881 	799733 	847014 	716319 	713935 	906837 	1261756 	1416480 	: 	: 	: 
M,PAS,TOTAL,TOTAL,PAS_CRD,IT_LIRP	590506 	628195 	678030 	683902 	599858 	559870 	348335 	372785 	290116 	328116 	405869 	574014 	637860 	: 	: 	: 
M,PAS,TOTAL,TOTAL,PAS_CRD,IT_LIRQ	389972 	390313 	384229 	385023 	394708 	372436 	264439 	237149 	214511 	214567 	294218 	382552 	397613 	: 	: 	: 
M,PAS,TOTAL,TOTAL,PAS_CRD,IT_LIRZ	69531 	73788 	82014 	82133 	75482 	58276 	27139 	22311 	23540 	21858 	31390 	67632 	75509 	: 	: 	: 
M,PAS,TOTAL,TOTAL,PAS_CRD,LT_EYKA	142052 	146023 	152015 	154052 	137381 	149903 	110412 	119624 	109389 	108977 	127851 	149510 	154745 	155299 	158451 	162107 
M,PAS,TOTAL,TOTAL,PAS_CRD,LT_EYPA	38462 	36483 	41643 	40909 	38641 	46636 	36109 	37088 	33958 	32021 	36125 	34197 	35897 	38580 	44870 	44072 
M,PAS,TOTAL,TOTAL,PAS_CRD,LT_EYSA	0 	4 	16 	21 	0 	0 	30 	0 	0 	0 	0 	3 	12 	4 	0 	10 
M,PAS,TOTAL,TOTAL,PAS_CRD,LT_EYVI	491818 	483261 	492475 	510001 	489415 	506466 	379225 	378131 	333824 	327316 	376925 	468021 	540625 	546264 	549901 	569341 
M,PAS,TOTAL,TOTAL,PAS_CRD,LU_ELLX	488801 	484694 	511869 	532430 	494276 	505403 	402763 	404100 	308053 	350858 	417264 	483832 	521010 	506016 	539418 	549432 
M,PAS,TOTAL,TOTAL,PAS_CRD,LV_EVRA	636713 	654180 	701901 	688941 	628387 	673439 	540582 	557499 	442166 	434034 	534565 	583929 	623527 	656541 	: 	: 
M,PAS,TOTAL,TOTAL,PAS_CRD,ME_LYPG	162623 	194204 	221735 	235421 	204191 	155327 	87897 	86118 	94732 	89730 	: 	: 	: 	: 	: 	: 
M,PAS,TOTAL,TOTAL,PAS_CRD,ME_LYTV	128583 	181987 	262689 	273105 	200130 	114013 	24688 	159804 	5431 	0 	: 	: 	: 	: 	: 	: 
M,PAS,TOTAL,TOTAL,PAS_CRD,MK_LWOH	19930 	29490 	36951 	42673 	26020 	18894 	15970 	19044 	15481 	12959 	16553 	22189 	22139 	33173 	: 	: 
M,PAS,TOTAL,TOTAL,PAS_CRD,MK_LWSK	275951 	294646 	315339 	329861 	303345 	298465 	261136 	275642 	273712 	236769 	285058 	338550 	355688 	341222 	: 	: 
M,PAS,TOTAL,TOTAL,PAS_CRD,MT_LMML	928609 	924368 	1036422 	1073178 	990959 	979306 	735485 	709855 	595329 	658922 	816537 	1018174 	1081389 	1080619 	: 	: 
M,PAS,TOTAL,TOTAL,PAS_CRD,NL_EHAM	6089817 	6032528 	6552356 	6621920 	6094409 	6230029 	5215344 	5286627 	4365420 	4593090 	5400017 	5981473 	6290075 	: 	: 	: 
M,PAS,TOTAL,TOTAL,PAS_CRD,NL_EHBK	19959 	23132 	19616 	20735 	13813 	13545 	4457 	3980 	5142 	3400 	5677 	20955 	21576 	: 	: 	: 
M,PAS,TOTAL,TOTAL,PAS_CRD,NL_EHEH	698096 	674120 	663897 	695986 	678010 	667575 	486886 	462126 	459416 	447609 	523700 	648205 	726766 	: 	: 	: 
M,PAS,TOTAL,TOTAL,PAS_CRD,NL_EHGG	12858 	11469 	15098 	18380 	11115 	10263 	2559 	3932 	4519 	3820 	3758 	5846 	11391 	: 	: 	: 
M,PAS,TOTAL,TOTAL,PAS_CRD,NL_EHRD	244110 	240426 	265244 	285167 	250918 	206665 	124252 	137592 	135991 	135289 	165177 	211703 	260981 	: 	: 	: 
M,PAS,TOTAL,TOTAL,PAS_CRD,NO_ENAL	88939 	96672 	92311 	94012 	96379 	93403 	79016 	72202 	65596 	67752 	81887 	87236 	93848 	97053 	89023 	: 
M,PAS,TOTAL,TOTAL,PAS_CRD,NO_ENAT	33365 	36442 	33663 	33951 	33921 	33098 	28763 	28369 	26028 	27946 	32921 	29618 	31074 	33384 	31680 	: 
M,PAS,TOTAL,TOTAL,PAS_CRD,NO_ENBN	9996 	10016 	10268 	8745 	9386 	9442 	8759 	8307 	8085 	7988 	9549 	9087 	9636 	10842 	11888 	: 
M,PAS,TOTAL,TOTAL,PAS_CRD,NO_ENBO	166736 	194403 	194941 	190825 	188948 	175200 	148027 	134807 	132089 	145374 	169060 	162412 	178972 	197885 	195226 	: 
M,PAS,TOTAL,TOTAL,PAS_CRD,NO_ENBR	534848 	638933 	648422 	656663 	628692 	605613 	487921 	457479 	418940 	429963 	523095 	556932 	627748 	670109 	700847 	: 
M,PAS,TOTAL,TOTAL,PAS_CRD,NO_ENCN	73240 	79044 	63077 	72566 	83695 	80591 	69419 	60059 	57807 	57574 	69717 	68485 	74982 	75956 	60699 	: 
M,PAS,TOTAL,TOTAL,PAS_CRD,NO_ENDU	17556 	19660 	18832 	18290 	16859 	16939 	14977 	14005 	15354 	17547 	20531 	18263 	18518 	21084 	22521 	: 
M,PAS,TOTAL,TOTAL,PAS_CRD,NO_ENEV	75131 	91901 	106687 	101076 	84991 	77729 	59951 	62251 	56769 	69901 	81342 	69315 	81909 	102611 	121447 	: 
M,PAS,TOTAL,TOTAL,PAS_CRD,NO_ENFL	8279 	9500 	8831 	7596 	9511 	10076 	8321 	7966 	7963 	8551 	8762 	7419 	9219 	9317 	9138 	: 
M,PAS,TOTAL,TOTAL,PAS_CRD,NO_ENGM	2303812 	2615586 	2749284 	2582883 	2513210 	2451652 	1995831 	1911481 	1780863 	1858372 	2158243 	2168345 	2359801 	2516866 	2731609 	: 
M,PAS,TOTAL,TOTAL,PAS_CRD,NO_ENHD	50900 	50643 	42822 	46341 	51264 	54178 	48655 	43589 	40204 	39362 	47501 	46276 	48647 	49052 	42996 	: 
M,PAS,TOTAL,TOTAL,PAS_CRD,NO_ENHF	12873 	13143 	9647 	10695 	12335 	11351 	10310 	9312 	10812 	10520 	13230 	12693 	13244 	13781 	10801 	: 
M,PAS,TOTAL,TOTAL,PAS_CRD,NO_ENKB	23074 	27261 	24576 	25408 	26358 	26396 	23782 	22922 	21963 	22051 	24680 	23186 	23864 	25420 	23482 	: 
M,PAS,TOTAL,TOTAL,PAS_CRD,NO_ENKR	26536 	31361 	31698 	31722 	29699 	27871 	23094 	25552 	23511 	23626 	27768 	26591 	28911 	30930 	33802 	: 
M,PAS,TOTAL,TOTAL,PAS_CRD,NO_ENLK	12968 	15577 	18504 	17001 	15944 	14967 	12137 	9689 	10409 	12464 	14458 	12916 	14157 	17036 	19514 	: 
M,PAS,TOTAL,TOTAL,PAS_CRD,NO_ENML	29521 	30870 	27916 	28424 	31667 	33183 	26196 	24995 	21434 	23069 	29040 	28601 	30770 	28303 	26177 	: 
M,PAS,TOTAL,TOTAL,PAS_CRD,NO_ENMS	6427 	6083 	4770 	5535 	7424 	7304 	5563 	5593 	6127 	5641 	6197 	6413 	6043 	7221 	5446 	: 
M,PAS,TOTAL,TOTAL,PAS_CRD,NO_ENOV	13577 	15286 	14243 	14290 	14562 	14022 	11798 	12002 	11379 	12283 	12968 	13078 	14192 	15696 	14430 	: 
M,PAS,TOTAL,TOTAL,PAS_CRD,NO_ENRA	9399 	9404 	7102 	7766 	11389 	11294 	10253 	9009 	9999 	9522 	10802 	9339 	10302 	10251 	7138 	: 
M,PAS,TOTAL,TOTAL,PAS_CRD,NO_ENSB	18125 	26197 	30353 	23492 	14642 	11505 	8468 	9424 	9452 	11576 	16071 	17870 	19742 	25802 	31555 	: 
M,PAS,TOTAL,TOTAL,PAS_CRD,NO_ENSG	5639 	3098 	2104 	5928 	6841 	6330 	6162 	5257 	5520 	5543 	7052 	6194 	7465 	8263 	6405 	: 
M,PAS,TOTAL,TOTAL,PAS_CRD,NO_ENSK	11834 	11573 	8802 	9724 	11702 	11710 	10572 	9238 	9880 	10026 	11560 	10880 	11315 	11704 	9031 	: 
M,PAS,TOTAL,TOTAL,PAS_CRD,NO_ENST	6934 	8198 	9102 	7844 	7590 	8306 	7806 	6469 	5079 	6758 	7738 	7140 	7416 	8552 	9985 	: 
M,PAS,TOTAL,TOTAL,PAS_CRD,NO_ENTC	188253 	216066 	205216 	206869 	213368 	240070 	257342 	314591 	313409 	318441 	312216 	192667 	191507 	216734 	215324 	: 
M,PAS,TOTAL,TOTAL,PAS_CRD,NO_ENTO	150975 	169355 	185415 	172816 	161420 	166032 	122150 	135824 	107306 	118270 	130517 	142033 	154179 	160265 	175687 	: 
M,PAS,TOTAL,TOTAL,PAS_CRD,NO_ENVA	368550 	392884 	303135 	347858 	395511 	394386 	335090 	288573 	284404 	295502 	355867 	338068 	360529 	379930 	316247 	: 
M,PAS,TOTAL,TOTAL,PAS_CRD,NO_ENVD	5828 	6415 	4664 	6371 	6714 	6948 	6656 	6004 	5966 	5985 	6978 	6509 	6559 	6487 	5366 	: 
M,PAS,TOTAL,TOTAL,PAS_CRD,NO_ENZV	335506 	365424 	333847 	334766 	353897 	347597 	302891 	271849 	253809 	257533 	312390 	307249 	332651 	347977 	322113 	: 
M,PAS,TOTAL,TOTAL,PAS_CRD,PL_EPBY	38054 	48608 	53177 	53969 	45256 	38460 	33047 	32118 	27467 	28808 	31585 	31564 	: 	: 	: 	: 
M,PAS,TOTAL,TOTAL,PAS_CRD,PL_EPGD	648522 	718869 	805466 	806291 	720838 	667438 	513246 	537849 	475154 	471406 	527628 	625797 	: 	: 	: 	: 
M,PAS,TOTAL,TOTAL,PAS_CRD,PL_EPKK	1155276 	1181519 	1278242 	1321987 	1214888 	1211929 	1068351 	1095125 	921067 	1011625 	1102823 	1213908 	: 	: 	: 	: 
M,PAS,TOTAL,TOTAL,PAS_CRD,PL_EPKT	654782 	838999 	958300 	977228 	886047 	641204 	407516 	410456 	372767 	382806 	375439 	484422 	: 	: 	: 	: 
M,PAS,TOTAL,TOTAL,PAS_CRD,PL_EPLB	44090 	53484 	60483 	61545 	52177 	39205 	25761 	28219 	25946 	25868 	27423 	38330 	: 	: 	: 	: 
M,PAS,TOTAL,TOTAL,PAS_CRD,PL_EPLL	41842 	51270 	60309 	59229 	50423 	40230 	30982 	32554 	28903 	29957 	31738 	37363 	: 	: 	: 	: 
M,PAS,TOTAL,TOTAL,PAS_CRD,PL_EPMO	154379 	145859 	154119 	159494 	145343 	149031 	149194 	217170 	218829 	225526 	261342 	376413 	: 	: 	: 	: 
M,PAS,TOTAL,TOTAL,PAS_CRD,PL_EPPO	401749 	455926 	501296 	517527 	462011 	367467 	248702 	231599 	217118 	217694 	229125 	296965 	: 	: 	: 	: 
M,PAS,TOTAL,TOTAL,PAS_CRD,PL_EPRZ	116236 	140600 	154288 	152019 	136184 	96593 	71743 	74392 	67402 	68275 	73808 	71171 	: 	: 	: 	: 
M,PAS,TOTAL,TOTAL,PAS_CRD,PL_EPSC	45234 	45264 	48642 	49307 	41753 	39884 	25812 	32024 	25290 	29603 	31125 	37360 	: 	: 	: 	: 
M,PAS,TOTAL,TOTAL,PAS_CRD,PL_EPSY	8322 	7146 	9271 	9033 	7242 	8231 	7728 	8882 	9265 	7815 	7476 	10190 	: 	: 	: 	: 
M,PAS,TOTAL,TOTAL,PAS_CRD,PL_EPWA	2095170 	2271396 	2433197 	2515243 	2346633 	2174401 	1806597 	1790389 	1746341 	1691797 	1768879 	1939221 	: 	: 	: 	: 
M,PAS,TOTAL,TOTAL,PAS_CRD,PL_EPWR	486099 	552771 	614474 	643501 	600825 	415695 	0 	323722 	315880 	343448 	372531 	456535 	: 	: 	: 	: 
M,PAS,TOTAL,TOTAL,PAS_CRD,PT_LPAZ	9608 	12904 	16522 	17944 	14129 	10038 	7790 	6881 	7094 	6670 	: 	: 	: 	: 	: 	: 
M,PAS,TOTAL,TOTAL,PAS_CRD,PT_LPBG	314 	361 	407 	566 	370 	275 	198 	267 	106 	178 	: 	: 	: 	: 	: 	: 
M,PAS,TOTAL,TOTAL,PAS_CRD,PT_LPBJ	250 	325 	375 	927 	444 	412 	189 	72 	28 	18 	: 	: 	: 	: 	: 	: 
M,PAS,TOTAL,TOTAL,PAS_CRD,PT_LPCR	870 	1284 	1707 	1761 	1255 	810 	598 	591 	623 	500 	: 	: 	: 	: 	: 	: 
M,PAS,TOTAL,TOTAL,PAS_CRD,PT_LPCS	1486 	1774 	2337 	2075 	2192 	1586 	952 	837 	637 	607 	: 	: 	: 	: 	: 	: 
M,PAS,TOTAL,TOTAL,PAS_CRD,PT_LPFL	10535 	15585 	18711 	19596 	15615 	8631 	3720 	3206 	3037 	2765 	: 	: 	: 	: 	: 	: 
M,PAS,TOTAL,TOTAL,PAS_CRD,PT_LPFR	1146399 	1224271 	1325268 	1305207 	1209606 	1106048 	443987 	361319 	297636 	355954 	: 	: 	: 	: 	: 	: 
M,PAS,TOTAL,TOTAL,PAS_CRD,PT_LPGR	6228 	7397 	9194 	10980 	7583 	5531 	5028 	4344 	4263 	3790 	: 	: 	: 	: 	: 	: 
M,PAS,TOTAL,TOTAL,PAS_CRD,PT_LPHR	26682 	36168 	40590 	45808 	33126 	21965 	15476 	14466 	12924 	12226 	: 	: 	: 	: 	: 	: 
M,PAS,TOTAL,TOTAL,PAS_CRD,PT_LPLA	84482 	102480 	120185 	131456 	99422 	77845 	64053 	60863 	53589 	50494 	: 	: 	: 	: 	: 	: 
M,PAS,TOTAL,TOTAL,PAS_CRD,PT_LPMA	491339 	489346 	523569 	544734 	491584 	483597 	394306 	374369 	345627 	367451 	: 	: 	: 	: 	: 	: 
M,PAS,TOTAL,TOTAL,PAS_CRD,PT_LPPD	256625 	297998 	341064 	368602 	297585 	224026 	149258 	143707 	129943 	121700 	: 	: 	: 	: 	: 	: 
M,PAS,TOTAL,TOTAL,PAS_CRD,PT_LPPI	20189 	28852 	35294 	38663 	29032 	18313 	10800 	10021 	8759 	7401 	: 	: 	: 	: 	: 	: 
M,PAS,TOTAL,TOTAL,PAS_CRD,PT_LPPM	541 	789 	1050 	1358 	911 	554 	169 	146 	103 	120 	: 	: 	: 	: 	: 	: 
M,PAS,TOTAL,TOTAL,PAS_CRD,PT_LPPR	1563107 	1621820 	1671668 	1763317 	1631539 	1565489 	1169035 	1234017 	1039623 	1073912 	: 	: 	: 	: 	: 	: 
M,PAS,TOTAL,TOTAL,PAS_CRD,PT_LPPS	20677 	31524 	35672 	36999 	29641 	23217 	9582 	8185 	9061 	10064 	: 	: 	: 	: 	: 	: 
M,PAS,TOTAL,TOTAL,PAS_CRD,PT_LPPT	3266024 	3234636 	3413305 	3493203 	3313968 	3285448 	2707699 	2666683 	2495309 	2433242 	: 	: 	: 	: 	: 	: 
M,PAS,TOTAL,TOTAL,PAS_CRD,PT_LPSJ	8929 	11954 	17356 	17256 	12080 	7555 	6189 	5959 	5440 	4379 	: 	: 	: 	: 	: 	: 
M,PAS,TOTAL,TOTAL,PAS_CRD,PT_LPVR	29 	304 	393 	428 	349 	235 	88 	85 	79 	58 	: 	: 	: 	: 	: 	: 
M,PAS,TOTAL,TOTAL,PAS_CRD,PT_LPVZ	162 	235 	343 	205 	265 	159 	49 	38 	36 	38 	: 	: 	: 	: 	: 	: 
M,PAS,TOTAL,TOTAL,PAS_CRD,RO_LRBC	37944 	42095 	47811 	50685 	46910 	36036 	27499 	35144 	33443 	28747 	27378 	: 	: 	: 	: 	: 
M,PAS,TOTAL,TOTAL,PAS_CRD,RO_LRBV	: 	: 	: 	: 	: 	: 	: 	: 	33598 	37424 	40500 	: 	: 	: 	: 	: 
M,PAS,TOTAL,TOTAL,PAS_CRD,RO_LRCL	300680 	338735 	363341 	378659 	352992 	324357 	268828 	259716 	220568 	230482 	258108 	: 	: 	: 	: 	: 
M,PAS,TOTAL,TOTAL,PAS_CRD,RO_LRCV	32221 	62464 	73749 	77569 	60798 	56475 	47492 	49773 	49361 	50942 	58491 	: 	: 	: 	: 	: 
M,PAS,TOTAL,TOTAL,PAS_CRD,RO_LRIA	200533 	210838 	221662 	225410 	216797 	199905 	161986 	163111 	145393 	136858 	153290 	: 	: 	: 	: 	: 
M,PAS,TOTAL,TOTAL,PAS_CRD,RO_LROD	17086 	28113 	37725 	38599 	30582 	19166 	16715 	15675 	11292 	13091 	14161 	: 	: 	: 	: 	: 
M,PAS,TOTAL,TOTAL,PAS_CRD,RO_LROP	1416924 	1488072 	1634272 	1770198 	1641071 	1562266 	1244933 	1291695 	1145939 	1088532 	1183586 	: 	: 	: 	: 	: 
M,PAS,TOTAL,TOTAL,PAS_CRD,RO_LRSB	49841 	59875 	68482 	100814 	84771 	71636 	52237 	56374 	47927 	43421 	49153 	: 	: 	: 	: 	: 
M,PAS,TOTAL,TOTAL,PAS_CRD,RO_LRSM	0 	0 	0 	0 	0 	0 	0 	0 	: 	: 	: 	: 	: 	: 	: 	: 
M,PAS,TOTAL,TOTAL,PAS_CRD,RO_LRSV	63024 	76458 	80432 	88631 	69945 	64411 	45470 	70069 	76218 	68517 	75163 	: 	: 	: 	: 	: 
M,PAS,TOTAL,TOTAL,PAS_CRD,RO_LRTM	9165 	14114 	17753 	18522 	17315 	11315 	8273 	10721 	7765 	7246 	10141 	: 	: 	: 	: 	: 
M,PAS,TOTAL,TOTAL,PAS_CRD,RO_LRTR	119766 	133807 	151229 	153797 	143118 	143071 	120142 	119886 	96958 	95184 	116149 	: 	: 	: 	: 	: 
M,PAS,TOTAL,TOTAL,PAS_CRD,RS_LYBE	751591 	868030 	974091 	1003934 	904927 	812129 	651269 	648526 	600710 	543471 	614291 	: 	: 	: 	: 	: 
M,PAS,TOTAL,TOTAL,PAS_CRD,RS_LYNI	33312 	38900 	47145 	46969 	37766 	34443 	26546 	32417 	33111 	30458 	31376 	: 	: 	: 	: 	: 
M,PAS,TOTAL,TOTAL,PAS_CRD,SE_ESDF	9134 	8017 	3034 	6462 	10137 	11172 	11358 	7888 	7620 	8020 	: 	: 	: 	: 	: 	: 
M,PAS,TOTAL,TOTAL,PAS_CRD,SE_ESGG	482967 	549696 	611018 	544320 	529171 	507199 	381160 	381767 	342490 	334448 	: 	: 	: 	: 	: 	: 
M,PAS,TOTAL,TOTAL,PAS_CRD,SE_ESKN	32372 	32656 	38084 	35004 	30796 	33324 	20990 	26760 	21763 	17065 	: 	: 	: 	: 	: 	: 
M,PAS,TOTAL,TOTAL,PAS_CRD,SE_ESMQ	9816 	9033 	3281 	7235 	9381 	8101 	8676 	6392 	6250 	7167 	: 	: 	: 	: 	: 	: 
M,PAS,TOTAL,TOTAL,PAS_CRD,SE_ESMS	85178 	82425 	68832 	79593 	89584 	78247 	70950 	58533 	57990 	56017 	: 	: 	: 	: 	: 	: 
M,PAS,TOTAL,TOTAL,PAS_CRD,SE_ESMX	11866 	14904 	18068 	17300 	14938 	12111 	5532 	4666 	4445 	4692 	: 	: 	: 	: 	: 	: 
M,PAS,TOTAL,TOTAL,PAS_CRD,SE_ESNN	7436 	6039 	63 	5805 	8793 	6561 	5741 	3298 	3105 	4527 	: 	: 	: 	: 	: 	: 
M,PAS,TOTAL,TOTAL,PAS_CRD,SE_ESNQ	13084 	17549 	19316 	22689 	17580 	14885 	16670 	28582 	27804 	28672 	: 	: 	: 	: 	: 	: 
M,PAS,TOTAL,TOTAL,PAS_CRD,SE_ESNS	30963 	31203 	21838 	27328 	28162 	27190 	22570 	22773 	20237 	20101 	: 	: 	: 	: 	: 	: 
M,PAS,TOTAL,TOTAL,PAS_CRD,SE_ESNU	71145 	62179 	46962 	60256 	71845 	75274 	66416 	55731 	52908 	54540 	: 	: 	: 	: 	: 	: 
M,PAS,TOTAL,TOTAL,PAS_CRD,SE_ESNZ	22195 	15288 	1890 	14884 	22616 	25065 	23381 	24316 	25467 	30430 	: 	: 	: 	: 	: 	: 
M,PAS,TOTAL,TOTAL,PAS_CRD,SE_ESOE	6159 	7566 	5271 	6820 	6748 	2531 	1664 	1637 	2167 	2096 	: 	: 	: 	: 	: 	: 
M,PAS,TOTAL,TOTAL,PAS_CRD,SE_ESPA	98820 	94199 	86252 	95283 	99812 	101698 	95446 	95641 	86914 	93548 	: 	: 	: 	: 	: 	: 
M,PAS,TOTAL,TOTAL,PAS_CRD,SE_ESSA	2207772 	2372830 	2432200 	2401369 	2232697 	2223916 	1823129 	1847655 	1614217 	1626955 	: 	: 	: 	: 	: 	: 
M,PAS,TOTAL,TOTAL,PAS_CRD,SE_ESSB	1668 	2382 	766 	1940 	3208 	3165 	5024 	4286 	3590 	4172 	: 	: 	: 	: 	: 	: 
M,PAS,TOTAL,TOTAL,PAS_CRD,SE_ESSV	22984 	36819 	34536 	27921 	25733 	22446 	19371 	16479 	13579 	14652 	: 	: 	: 	: 	: 	: 
M,PAS,TOTAL,TOTAL,PAS_CRD,SE_ESTA	15446 	14617 	8982 	14374 	18023 	17784 	17053 	12271 	11379 	11854 	: 	: 	: 	: 	: 	: 
M,PAS,TOTAL,TOTAL,PAS_CRD,SI_LJLJ	151791 	163501 	181599 	186328 	176206 	150564 	105623 	101803 	87672 	95121 	110615 	143799 	168820 	184211 	208556 	: 
M,PAS,TOTAL,TOTAL,PAS_CRD,SK_LZIB	172039 	280969 	357778 	355322 	263610 	194876 	163744 	225827 	194743 	212722 	268675 	359799 	398591 	509446 	619285 	624995 
M,PAS,TOTAL,TOTAL,PAS_CRD,SK_LZKZ	55992 	99466 	132335 	126325 	89268 	50554 	46285 	59627 	52168 	52347 	61564 	79355 	87989 	127385 	155063 	150367 
M,PAS,TOTAL,TOTAL,PAS_CRD,TR_LTAC	1125391 	1188756 	1321804 	1398643 	1287784 	1211282 	1132968 	1158332 	1234597 	1013709 	: 	: 	: 	: 	: 	: 
M,PAS,TOTAL,TOTAL,PAS_CRD,TR_LTAI	3910629 	4961260 	5641537 	5954359 	5132309 	4981715 	1765438 	1071036 	1072587 	858286 	: 	: 	: 	: 	: 	: 
M,PAS,TOTAL,TOTAL,PAS_CRD,TR_LTAJ	260070 	270434 	286566 	293996 	274773 	273718 	250629 	245815 	261367 	206433 	: 	: 	: 	: 	: 	: 
M,PAS,TOTAL,TOTAL,PAS_CRD,TR_LTAL	4454 	6228 	6357 	7094 	4903 	4733 	5476 	4404 	5605 	4244 	: 	: 	: 	: 	: 	: 
M,PAS,TOTAL,TOTAL,PAS_CRD,TR_LTAN	77450 	78648 	95166 	90954 	82263 	80076 	84116 	88598 	93611 	69129 	: 	: 	: 	: 	: 	: 
M,PAS,TOTAL,TOTAL,PAS_CRD,TR_LTAP	11895 	14186 	12224 	12167 	11288 	11612 	13996 	17002 	14316 	11279 	: 	: 	: 	: 	: 	: 
M,PAS,TOTAL,TOTAL,PAS_CRD,TR_LTAR	43129 	44712 	48294 	49776 	43628 	42938 	40991 	38722 	37165 	31246 	: 	: 	: 	: 	: 	: 
M,PAS,TOTAL,TOTAL,PAS_CRD,TR_LTAS	11362 	14890 	19864 	21932 	17107 	13208 	8718 	7958 	5817 	4465 	: 	: 	: 	: 	: 	: 
M,PAS,TOTAL,TOTAL,PAS_CRD,TR_LTAT	70759 	74355 	76995 	81076 	75193 	70728 	73032 	69593 	81095 	60622 	: 	: 	: 	: 	: 	: 
M,PAS,TOTAL,TOTAL,PAS_CRD,TR_LTAU	236355 	233392 	268845 	293823 	264183 	257157 	218387 	212776 	224041 	192844 	: 	: 	: 	: 	: 	: 
M,PAS,TOTAL,TOTAL,PAS_CRD,TR_LTAW	13907 	14847 	16076 	17794 	16220 	15615 	14606 	14921 	15140 	12910 	: 	: 	: 	: 	: 	: 
M,PAS,TOTAL,TOTAL,PAS_CRD,TR_LTAY	43183 	35475 	35983 	40035 	37022 	37788 	43171 	40412 	40165 	35179 	: 	: 	: 	: 	: 	: 
M,PAS,TOTAL,TOTAL,PAS_CRD,TR_LTAZ	78730 	75144 	73719 	86051 	82523 	84155 	52778 	46055 	42385 	44100 	: 	: 	: 	: 	: 	: 
M,PAS,TOTAL,TOTAL,PAS_CRD,TR_LTBA	1667 	1774 	2133 	2000 	1551 	1940 	1852 	1640 	1065 	1262 	: 	: 	: 	: 	: 	: 
M,PAS,TOTAL,TOTAL,PAS_CRD,TR_LTBH	21711 	18846 	22849 	23073 	21199 	20143 	10728 	11007 	10371 	9467 	: 	: 	: 	: 	: 	: 
M,PAS,TOTAL,TOTAL,PAS_CRD,TR_LTBJ	1047537 	1151664 	1332965 	1462597 	1284725 	1188661 	956099 	930382 	978325 	774693 	: 	: 	: 	: 	: 	: 
M,PAS,TOTAL,TOTAL,PAS_CRD,TR_LTBQ	0 	0 	0 	0 	0 	56 	859 	505 	494 	0 	: 	: 	: 	: 	: 	: 
M,PAS,TOTAL,TOTAL,PAS_CRD,TR_LTBR	21721 	21861 	22125 	23967 	19630 	18858 	18428 	18210 	22699 	17222 	: 	: 	: 	: 	: 	: 
M,PAS,TOTAL,TOTAL,PAS_CRD,TR_LTBS	606019 	777676 	895722 	970524 	841816 	650247 	139562 	94013 	87321 	79612 	: 	: 	: 	: 	: 	: 
M,PAS,TOTAL,TOTAL,PAS_CRD,TR_LTBU	2574 	2701 	2749 	2329 	2579 	2788 	2288 	2425 	2390 	2208 	: 	: 	: 	: 	: 	: 
M,PAS,TOTAL,TOTAL,PAS_CRD,TR_LTBY	9646 	8183 	12133 	14389 	7809 	6990 	8323 	10484 	11671 	7380 	: 	: 	: 	: 	: 	: 
M,PAS,TOTAL,TOTAL,PAS_CRD,TR_LTBZ	6123 	6298 	5859 	7521 	5103 	5399 	8154 	9148 	10614 	6909 	: 	: 	: 	: 	: 	: 
M,PAS,TOTAL,TOTAL,PAS_CRD,TR_LTCA	90609 	102409 	107301 	113446 	102282 	97315 	91425 	90971 	99864 	76350 	: 	: 	: 	: 	: 	: 
M,PAS,TOTAL,TOTAL,PAS_CRD,TR_LTCB	87414 	107041 	115578 	117505 	107340 	100480 	98281 	101884 	109554 	86624 	: 	: 	: 	: 	: 	: 
M,PAS,TOTAL,TOTAL,PAS_CRD,TR_LTCC	185958 	199473 	208631 	224777 	208282 	203083 	208462 	171537 	137887 	161541 	: 	: 	: 	: 	: 	: 
M,PAS,TOTAL,TOTAL,PAS_CRD,TR_LTCD	39322 	46464 	47898 	52917 	44776 	40435 	33682 	31441 	35139 	27061 	: 	: 	: 	: 	: 	: 
M,PAS,TOTAL,TOTAL,PAS_CRD,TR_LTCE	96310 	103960 	112573 	116190 	101900 	103768 	111637 	115827 	132424 	110533 	: 	: 	: 	: 	: 	: 
M,PAS,TOTAL,TOTAL,PAS_CRD,TR_LTCF	48146 	55777 	57260 	54526 	52794 	48856 	52107 	45528 	58482 	51044 	: 	: 	: 	: 	: 	: 
M,PAS,TOTAL,TOTAL,PAS_CRD,TR_LTCG	304679 	393720 	545953 	576568 	382056 	292338 	258912 	241311 	255616 	199936 	: 	: 	: 	: 	: 	: 
M,PAS,TOTAL,TOTAL,PAS_CRD,TR_LTCI	103943 	124097 	114312 	117400 	17573 	0 	36827 	123296 	146697 	117130 	: 	: 	: 	: 	: 	: 
M,PAS,TOTAL,TOTAL,PAS_CRD,TR_LTCJ	59643 	64141 	65271 	69759 	69895 	67640 	63505 	62965 	71700 	52979 	: 	: 	: 	: 	: 	: 
M,PAS,TOTAL,TOTAL,PAS_CRD,TR_LTCK	45263 	51504 	53864 	55611 	81219 	83738 	70195 	40376 	41254 	37963 	: 	: 	: 	: 	: 	: 
M,PAS,TOTAL,TOTAL,PAS_CRD,TR_LTCL	7087 	8469 	7812 	8022 	7731 	4436 	0 	0 	: 	: 	: 	: 	: 	: 	: 	: 
M,PAS,TOTAL,TOTAL,PAS_CRD,TR_LTCM	9846 	10510 	11949 	12233 	9916 	9656 	9893 	10724 	10076 	7689 	: 	: 	: 	: 	: 	: 
M,PAS,TOTAL,TOTAL,PAS_CRD,TR_LTCN	29041 	31171 	29892 	32877 	30857 	29595 	28510 	26872 	21599 	22275 	: 	: 	: 	: 	: 	: 
M,PAS,TOTAL,TOTAL,PAS_CRD,TR_LTCO	25350 	37859 	35942 	34962 	52035 	42807 	34770 	33722 	35495 	27921 	: 	: 	: 	: 	: 	: 
M,PAS,TOTAL,TOTAL,PAS_CRD,TR_LTCP	32771 	35431 	36377 	35925 	32700 	30730 	32005 	29783 	32399 	27889 	: 	: 	: 	: 	: 	: 
M,PAS,TOTAL,TOTAL,PAS_CRD,TR_LTCR	67682 	77254 	70800 	75206 	75402 	77074 	78979 	72532 	89384 	65181 	: 	: 	: 	: 	: 	: 
M,PAS,TOTAL,TOTAL,PAS_CRD,TR_LTCS	90026 	90096 	88505 	89993 	85951 	88339 	96793 	95622 	101197 	80859 	: 	: 	: 	: 	: 	: 
M,PAS,TOTAL,TOTAL,PAS_CRD,TR_LTCT	29537 	41759 	39267 	38308 	35857 	33242 	30251 	29409 	28861 	25818 	: 	: 	: 	: 	: 	: 
M,PAS,TOTAL,TOTAL,PAS_CRD,TR_LTCU	15492 	17340 	17429 	16987 	15142 	14992 	16998 	16642 	15215 	13861 	: 	: 	: 	: 	: 	: 
M,PAS,TOTAL,TOTAL,PAS_CRD,TR_LTCV	32642 	43383 	39668 	39693 	39794 	36168 	34117 	30134 	31366 	27388 	: 	: 	: 	: 	: 	: 
M,PAS,TOTAL,TOTAL,PAS_CRD,TR_LTCW	16465 	20512 	20173 	19903 	22814 	18556 	12354 	4614 	2075 	2350 	: 	: 	: 	: 	: 	: 
M,PAS,TOTAL,TOTAL,PAS_CRD,TR_LTDA	31672 	32275 	31061 	0 	69481 	73862 	73162 	73604 	71709 	61569 	: 	: 	: 	: 	: 	: 
M,PAS,TOTAL,TOTAL,PAS_CRD,TR_LTDB	456131 	463164 	494347 	532771 	463999 	456208 	450797 	439673 	476660 	374086 	: 	: 	: 	: 	: 	: 
M,PAS,TOTAL,TOTAL,PAS_CRD,TR_LTFC	6529 	6348 	5279 	5028 	4165 	5423 	6155 	5500 	6020 	4921 	: 	: 	: 	: 	: 	: 
M,PAS,TOTAL,TOTAL,PAS_CRD,TR_LTFD	20674 	35042 	43810 	49798 	34044 	21218 	13252 	15257 	14553 	10903 	: 	: 	: 	: 	: 	: 
M,PAS,TOTAL,TOTAL,PAS_CRD,TR_LTFE	402886 	609870 	759617 	811385 	630040 	407976 	122820 	109410 	107044 	93015 	: 	: 	: 	: 	: 	: 
M,PAS,TOTAL,TOTAL,PAS_CRD,TR_LTFG	90858 	108896 	156676 	140425 	114446 	111890 	50155 	37489 	34438 	26857 	: 	: 	: 	: 	: 	: 
M,PAS,TOTAL,TOTAL,PAS_CRD,TR_LTFH	129479 	140705 	162605 	170375 	148378 	140747 	134686 	140811 	145871 	115056 	: 	: 	: 	: 	: 	: 
M,PAS,TOTAL,TOTAL,PAS_CRD,TR_LTFJ	3952360 	4049289 	4398088 	4696325 	4417595 	4441114 	4146555 	4200032 	4195160 	3684582 	: 	: 	: 	: 	: 	: 
M,PAS,TOTAL,TOTAL,PAS_CRD,TR_LTFM	6989911 	7183640 	7973028 	8336966 	7643533 	7622331 	6913018 	6773020 	6918330 	5855085 	: 	: 	: 	: 	: 	: 
M,PAS,TOTAL,TOTAL,PAS_CRD,TR_LTFO	82013 	105713 	124200 	127135 	113644 	106140 	99761 	97905 	109609 	89069 	: 	: 	: 	: 	: 	: 
